,open,high,low,close
2013-04-17,26.64,27.2,26.39,26.625
2013-04-18,26.82,26.82,25.15,25.69
2013-04-19,25.56,25.96,25.33,25.73
2013-04-22,25.81,26.36,25.7,25.97
2013-04-23,26.2,26.33,25.77,25.98
2013-04-24,25.92,26.4,25.8,26.11
2013-04-25,26.06,26.4,26.0,26.14
2013-04-26,26.61,27.62,26.6,26.85
2013-04-29,27.18,27.41,26.86,26.98
2013-04-30,27.13,27.85,27.005,27.769
2013-05-01,27.85,27.915,27.31,27.43
2013-05-02,28.0,29.02,27.98,28.97
2013-05-03,29.03,29.07,28.15,28.311
2013-05-06,28.33,28.46,27.48,27.57
2013-05-07,27.5,27.85,26.85,26.889
2013-05-08,26.88,27.3,26.65,27.12
2013-05-09,27.06,27.55,26.85,27.04
2013-05-10,27.19,27.3,26.57,26.68
2013-05-13,26.6,27.325,26.531,26.82
2013-05-14,26.87,27.28,26.82,27.07
2013-05-15,26.92,26.99,26.4,26.6
2013-05-16,26.4,26.55,25.9,26.13
2013-05-17,26.44,26.6,26.2,26.25
2013-05-20,26.15,26.19,25.69,25.759
2013-05-21,25.86,26.075,25.59,25.66
2013-05-22,25.64,25.85,24.92,25.159
2013-05-23,24.77,25.53,24.77,25.06
2013-05-24,24.95,24.97,24.08,24.3125
2013-05-27,24.3125,24.3125,24.3125,24.3125
2013-05-28,24.49,24.54,23.92,24.1
2013-05-29,23.79,23.81,23.26,23.32
2013-05-30,24.13,24.779,23.93,24.55
2013-05-31,24.66,24.95,24.27,24.348
2013-06-03,24.26,24.32,23.71,23.848
2013-06-04,23.9,23.93,23.32,23.52
2013-06-05,23.35,23.705,22.79,22.899
2013-06-06,22.99,23.09,22.67,22.97
2013-06-07,23.04,23.4,22.86,23.291
2013-06-10,24.04,24.6,23.99,24.33
2013-06-11,24.02,24.35,24.0,24.03
2013-06-12,24.16,24.26,23.58,23.77
2013-06-13,23.72,23.83,23.265,23.73
2013-06-14,23.56,23.89,23.26,23.63
2013-06-17,23.91,24.25,23.75,24.022
2013-06-18,24.09,24.69,24.08,24.21
2013-06-19,24.18,25.19,24.1,24.309
2013-06-20,24.28,24.745,23.65,23.9
2013-06-21,24.59,24.7,24.05,24.53
2013-06-24,23.94,24.11,23.38,23.935
2013-06-25,24.13,24.43,24.04,24.25
2013-06-26,24.48,24.65,23.99,24.16
2013-06-27,24.22,24.84,24.21,24.66
2013-06-28,24.68,24.98,24.42,24.88
2013-07-01,24.97,25.0601,24.62,24.81
2013-07-02,24.7,24.77,24.3,24.41
2013-07-03,24.22,24.71,24.15,24.52
2013-07-04,24.52,24.52,24.52,24.52
2013-07-05,24.6,24.66,24.2,24.37
2013-07-08,24.44,25.04,24.42,24.71
2013-07-09,25.08,25.49,25.03,25.48
2013-07-10,25.55,25.83,25.47,25.8
2013-07-11,25.98,26.0,25.45,25.81
2013-07-12,25.69,25.93,25.55,25.91
2013-07-15,25.92,26.43,25.65,26.28
2013-07-16,26.39,26.75,26.01,26.32
2013-07-17,26.37,26.78,26.3,26.65
2013-07-18,26.74,26.77,26.12,26.18
2013-07-19,25.84,26.1077,25.6,25.881
2013-07-22,25.99,26.13,25.72,26.045
2013-07-23,26.1,26.3,25.97,26.13
2013-07-24,26.3,26.53,26.05,26.51
2013-07-25,33.51,34.88,32.75,34.359
2013-07-26,33.75,34.73,33.56,34.01
2013-07-29,34.01,35.63,34.01,35.43
2013-07-30,35.65,37.96,35.32,37.627
2013-07-31,37.98,38.31,36.33,36.8
2013-08-01,37.29,38.29,36.92,37.489
2013-08-02,37.68,38.49,37.5,38.05
2013-08-05,38.4,39.32,38.25,39.189
2013-08-06,39.1,39.25,37.94,38.55
2013-08-07,38.6,38.94,37.7,38.87
2013-08-08,39.15,39.19,38.43,38.54
2013-08-09,38.58,38.74,38.01,38.5
2013-08-12,38.2,38.5,38.1,38.22
2013-08-13,38.23,38.32,36.77,37.019
2013-08-14,36.83,37.55,36.62,36.65
2013-08-15,36.36,37.07,36.0201,36.56
2013-08-16,36.98,37.49,36.9,37.08
2013-08-19,37.4,38.28,37.14,37.81
2013-08-20,38.36,38.58,37.69,38.41
2013-08-21,38.38,38.85,38.145,38.32
2013-08-22,38.34,38.75,38.34,38.55
2013-08-23,39.0,40.63,38.93,40.55
2013-08-26,40.89,41.94,40.62,41.34
2013-08-27,40.65,41.2,39.42,39.64
2013-08-28,39.97,40.85,39.88,40.548
2013-08-29,40.9,41.78,40.8,41.28
2013-08-30,42.0,42.26,41.06,41.294
2013-09-02,41.294,41.294,41.294,41.294
2013-09-03,41.87,42.165,41.51,41.87
2013-09-04,42.0,42.17,41.44,41.78
2013-09-05,41.79,42.765,41.77,42.66
2013-09-06,43.06,44.61,42.4,43.95
2013-09-09,44.36,44.79,43.7,44.04
2013-09-10,44.25,44.26,43.23,43.6
2013-09-11,43.38,45.09,43.11,45.04
2013-09-12,45.54,45.62,44.65,44.75
2013-09-13,45.04,45.08,43.93,44.31
2013-09-16,44.86,44.94,42.43,42.51
2013-09-17,42.5,45.44,42.43,45.07
2013-09-18,44.8,45.47,44.395,45.23
2013-09-19,45.5,46.05,45.23,45.98
2013-09-20,46.29,47.6,45.74,47.49
2013-09-23,47.25,47.55,46.29,47.19
2013-09-24,48.51,49.66,48.16,48.45
2013-09-25,49.23,49.54,48.46,49.46
2013-09-26,50.0,50.6,49.5,50.39
2013-09-27,50.3,51.28,49.86,51.24
2013-09-30,50.11,51.6,49.8,50.23
2013-10-01,49.95,51.03,49.45,50.42
2013-10-02,50.1,51.1,49.95,50.28
2013-10-03,50.45,50.72,49.06,49.183
2013-10-04,49.75,51.16,49.57,51.04
2013-10-07,50.74,51.29,50.4,50.515
2013-10-08,50.59,50.6,47.08,47.14
2013-10-09,47.39,47.84,45.26,46.77
2013-10-10,47.93,49.68,47.83,49.05
2013-10-11,49.18,49.87,48.79,49.11
2013-10-14,48.3,49.63,47.91,49.51
2013-10-15,50.0,51.0,49.18,49.5
2013-10-16,50.01,51.24,49.9,51.135
2013-10-17,51.12,52.22,50.95,52.21
2013-10-18,54.21,54.825,53.6,54.22
2013-10-21,54.68,54.81,53.51,53.85
2013-10-22,54.33,54.76,52.2,52.675
2013-10-23,51.75,52.25,51.13,51.9
2013-10-24,52.38,52.84,51.5928,52.445
2013-10-25,53.24,53.24,51.88,51.95
2013-10-28,51.54,51.7,49.61,50.229
2013-10-29,50.74,50.79,49.25,49.395
2013-10-30,50.0,50.21,48.75,49.01
2013-10-31,47.25,52.0,46.5,50.205
2013-11-01,50.85,52.09,49.72,49.75
2013-11-04,49.37,49.75,48.02,48.22
2013-11-05,47.77,50.18,47.51,50.105
2013-11-06,50.26,50.45,48.71,49.12
2013-11-07,49.28,49.87,47.3,47.56
2013-11-08,47.81,48.65,47.25,47.53
2013-11-11,47.0,47.53,45.73,46.2
2013-11-12,46.0,47.37,45.83,46.605
2013-11-13,46.21,48.74,46.06,48.71
2013-11-14,48.7,49.57,48.03,48.99
2013-11-15,49.06,49.48,48.71,49.01
2013-11-18,48.46,48.84,45.8,45.83
2013-11-19,46.24,47.0,45.72,46.36
2013-11-20,46.6,47.55,46.31,46.43
2013-11-21,47.0,47.46,46.685,46.7
2013-11-22,47.03,47.27,45.96,46.23
2013-11-25,46.3,46.65,44.04,44.82
2013-11-26,44.59,46.17,43.55,45.89
2013-11-27,45.97,46.67,45.53,46.49
2013-11-28,46.49,46.49,46.49,46.49
2013-11-29,46.75,47.21,46.5,47.01
2013-12-02,46.89,47.54,46.26,47.06
2013-12-03,46.78,47.2,46.29,46.73
2013-12-04,46.4,48.77,46.26,48.62
2013-12-05,48.19,48.7,47.87,48.34
2013-12-06,48.98,49.39,47.71,47.94
2013-12-09,48.06,48.97,47.74,48.84
2013-12-10,48.59,50.77,48.54,50.245
2013-12-11,50.55,50.77,49.01,49.38
2013-12-12,51.03,52.07,50.66,51.83
2013-12-13,51.63,53.5,51.34,53.32
2013-12-16,53.25,54.5,52.91,53.81
2013-12-17,54.76,55.18,54.24,54.86
2013-12-18,54.86,55.89,53.75,55.57
2013-12-19,54.3,55.19,53.95,55.05
2013-12-20,54.93,55.15,54.23,55.12
2013-12-23,55.5,58.32,55.45,57.77
2013-12-24,58.27,58.58,56.91,57.96
2013-12-25,57.96,57.96,57.96,57.96
2013-12-26,58.32,58.38,57.37,57.73
2013-12-27,57.43,57.68,55.25,55.44
2013-12-30,54.9,55.18,53.43,53.71
2013-12-31,54.07,54.86,53.91,54.649
2014-01-01,54.649,54.649,54.649,54.649
2014-01-02,54.86,55.22,54.19,54.71
2014-01-03,55.0,55.65,54.53,54.557
2014-01-06,54.39,57.26,54.05,57.2
2014-01-07,57.67,58.55,57.22,57.92
2014-01-08,57.59,58.41,57.23,58.23
2014-01-09,58.66,58.96,56.65,57.22
2014-01-10,57.13,58.3,57.06,57.94
2014-01-13,57.89,58.25,55.38,55.91
2014-01-14,56.48,57.78,56.1,57.74
2014-01-15,58.0,58.57,57.27,57.6
2014-01-16,57.3,58.02,56.83,57.19
2014-01-17,57.25,57.82,56.07,56.3
2014-01-20,56.3,56.3,56.3,56.3
2014-01-21,56.6,58.58,56.5,58.51
2014-01-22,58.8,59.31,57.1,57.51
2014-01-23,56.37,56.68,55.6855,56.63
2014-01-24,56.11,56.42,54.4,54.45
2014-01-27,54.69,54.9401,51.85,53.55
2014-01-28,54.13,55.28,54.0,55.14
2014-01-29,54.6,54.95,53.19,53.53
2014-01-30,62.1,62.5,60.46,61.08
2014-01-31,60.25,63.37,60.17,62.57
2014-02-03,63.17,63.77,60.7,61.48
2014-02-04,62.0,63.14,61.82,62.75
2014-02-05,62.72,63.16,61.27,62.19
2014-02-06,61.52,62.78,61.46,62.16
2014-02-07,62.22,64.57,62.22,64.32
2014-02-10,64.28,64.49,63.473,63.548
2014-02-11,63.76,65.0,63.35,64.851
2014-02-12,64.89,65.06,64.05,64.45
2014-02-13,64.15,67.33,64.05,67.33
2014-02-14,67.51,67.58,66.72,67.09
2014-02-17,67.09,67.09,67.09,67.09
2014-02-18,66.92,67.5397,66.07,67.3
2014-02-19,67.05,69.08,67.0,68.06
2014-02-20,67.73,70.11,65.727,69.63
2014-02-21,69.63,69.96,68.45,68.59
2014-02-24,68.75,71.44,68.54,70.78
2014-02-25,70.97,71.0,69.45,69.85
2014-02-26,70.2,71.22,68.85,69.26
2014-02-27,69.36,70.01,68.87,68.94
2014-02-28,69.58,69.88,67.38,68.46
2014-03-03,66.88,68.05,66.51,67.41
2014-03-04,68.67,68.9,67.62,68.8
2014-03-05,69.7,71.97,69.62,71.57
2014-03-06,71.85,71.89,70.25,70.84
2014-03-07,71.08,71.18,69.47,69.8
2014-03-10,70.75,72.15,70.51,72.03
2014-03-11,72.49,72.59,69.96,70.1
2014-03-12,69.82,71.35,69.0,70.8799
2014-03-13,71.29,71.35,68.15,68.83
2014-03-14,68.48,69.43,67.46,67.72
2014-03-17,68.14,68.95,66.62,68.7399
2014-03-18,68.75,69.6,68.3,69.19
2014-03-19,69.13,69.29,67.465,68.24
2014-03-20,68.07,68.23,66.82,66.97
2014-03-21,67.64,67.92,66.1786,67.24
2014-03-24,67.17,67.36,63.36,64.1
2014-03-25,64.91,66.19,63.78,64.89
2014-03-26,64.77,64.95,60.37,60.385
2014-03-27,60.49,61.9,57.98,60.97
2014-03-28,61.34,61.95,59.335,60.01
2014-03-31,60.78,61.52,59.87,60.24
2014-04-01,60.49,62.66,60.24,62.62
2014-04-02,63.24,63.91,62.21,62.72
2014-04-03,62.53,63.17,59.13,59.49
2014-04-04,59.97,60.2,56.32,56.749
2014-04-07,55.87,58.0,55.44,56.95
2014-04-08,57.64,58.71,57.17,58.1901
2014-04-09,59.59,62.4558,59.1882,62.41
2014-04-10,63.09,63.18,58.68,59.16
2014-04-11,57.64,60.31,57.31,58.53
2014-04-14,60.15,60.45,57.78,58.89
2014-04-15,59.29,59.68,55.88,59.09
2014-04-16,59.81,60.19,57.74,59.72
2014-04-17,59.27,60.58,58.72,58.94
2014-04-18,58.94,58.94,58.94,58.94
2014-04-21,59.47,61.24,59.15,61.24
2014-04-22,62.75,63.44,62.22,63.0301
2014-04-23,63.43,63.48,61.26,61.36
2014-04-24,63.59,63.65,59.77,60.87
2014-04-25,59.98,60.01,57.57,57.71
2014-04-28,58.09,58.31,54.66,56.14
2014-04-29,56.08,58.28,55.84,58.15
2014-04-30,57.56,59.85,57.16,59.78
2014-05-01,60.42,62.28,60.21,61.15
2014-05-02,61.39,61.89,60.18,60.46
2014-05-05,59.71,61.35,59.18,61.22
2014-05-06,60.98,61.15,58.49,58.53
2014-05-07,58.75,59.3,56.26,57.39
2014-05-08,57.26,58.82,56.5,56.76
2014-05-09,56.83,57.65,56.38,57.24
2014-05-12,58.07,59.9,57.98,59.83
2014-05-13,59.65,60.89,59.51,59.83
2014-05-14,59.49,60.45,58.95,59.23
2014-05-15,59.23,59.38,57.52,57.919
2014-05-16,58.31,58.45,57.31,58.0199
2014-05-19,57.84,59.56,57.57,59.21
2014-05-20,59.48,60.19,58.18,58.56
2014-05-21,58.56,60.5,58.25,60.49
2014-05-22,60.91,61.48,60.4,60.52
2014-05-23,60.43,61.45,60.15,61.351
2014-05-26,61.351,61.351,61.351,61.351
2014-05-27,61.57,63.51,61.57,63.48
2014-05-28,63.38,64.14,62.62,63.51
2014-05-29,63.86,64.3,63.51,63.83
2014-05-30,63.95,64.17,62.56,63.3
2014-06-02,63.22,63.59,62.05,63.08
2014-06-03,62.59,63.42,62.32,62.87
2014-06-04,62.43,63.59,62.07,63.34
2014-06-05,63.61,64.36,62.82,63.186
2014-06-06,63.38,63.48,62.15,62.5
2014-06-09,62.39,63.34,61.79,62.88
2014-06-10,63.53,65.82,63.5,65.77
2014-06-11,65.32,65.8,64.9,65.781
2014-06-12,65.83,66.47,64.06,64.2901
2014-06-13,64.64,64.97,63.83,64.5
2014-06-16,64.17,64.88,63.75,64.19
2014-06-17,64.1,64.88,63.93,64.4
2014-06-18,64.49,65.75,64.05,65.6
2014-06-19,65.46,65.5756,64.21,64.3415
2014-06-20,64.46,64.81,63.35,64.5
2014-06-23,64.3,65.66,64.22,65.37
2014-06-24,65.36,67.17,65.27,65.72
2014-06-25,65.58,67.48,65.57,67.44
2014-06-26,67.98,68.0,66.9,67.13
2014-06-27,67.28,67.7,66.84,67.6
2014-06-30,67.45,67.92,67.13,67.29
2014-07-01,67.58,68.44,67.39,68.06
2014-07-02,68.05,68.3,65.79,66.45
2014-07-03,66.86,67.0,65.76,66.29
2014-07-04,66.29,66.29,66.29,66.29
2014-07-07,66.28,66.57,65.12,65.29
2014-07-08,65.06,65.56,62.21,62.76
2014-07-09,63.39,65.12,63.15,64.97
2014-07-10,63.33,65.34,63.05,64.8725
2014-07-11,65.24,66.59,64.79,66.34
2014-07-14,67.12,68.17,66.9,67.9
2014-07-15,67.96,68.0899,66.26,67.165
2014-07-16,67.53,67.94,67.07,67.66
2014-07-17,67.04,67.85,66.04,66.4099
2014-07-18,66.86,68.46,66.16,68.4199
2014-07-21,68.84,69.96,68.5,69.4
2014-07-22,69.74,69.77,68.61,69.27
2014-07-23,69.76,71.33,69.61,71.29
2014-07-24,75.94,76.74,74.51,74.98
2014-07-25,75.0,75.67,74.662,75.19
2014-07-28,75.19,75.5,73.85,74.92
2014-07-29,74.71,74.92,73.4229,73.71
2014-07-30,74.13,75.19,74.13,74.677
2014-07-31,73.98,74.165,72.44,72.65
2014-08-01,72.28,73.22,71.55,72.36
2014-08-04,72.42,73.88,72.36,73.51
2014-08-05,73.21,73.59,72.18,72.69
2014-08-06,72.04,73.72,71.79,72.47
2014-08-07,72.95,74.0,72.7,73.17
2014-08-08,73.27,73.43,72.56,73.06
2014-08-11,73.46,73.91,73.06,73.44
2014-08-12,73.11,73.3301,72.22,72.83
2014-08-13,73.1,74.25,73.05,73.77
2014-08-14,73.96,74.38,73.69,74.296
2014-08-15,74.51,74.65,73.0,73.63
2014-08-18,74.0,74.72,73.96,74.59
2014-08-19,74.83,75.58,74.77,75.29
2014-08-20,74.96,75.18,74.62,74.81
2014-08-21,74.91,75.19,74.4149,74.57
2014-08-22,74.47,74.73,73.57,74.57
2014-08-25,74.97,75.28,74.79,75.02
2014-08-26,75.0,75.99,74.73,75.9601
2014-08-27,75.28,75.49,74.46,74.63
2014-08-28,74.05,74.43,73.73,73.855
2014-08-29,74.31,74.82,74.01,74.82
2014-09-01,74.82,74.82,74.82,74.82
2014-09-02,75.01,76.7,74.82,76.68
2014-09-03,77.12,77.48,75.6,75.83
2014-09-04,75.9,76.93,75.53,75.95
2014-09-05,76.12,77.38,75.598,77.26
2014-09-08,77.27,78.17,77.01,77.89
2014-09-09,77.56,78.17,76.2,76.67
2014-09-10,76.52,77.95,76.51,77.43
2014-09-11,77.06,78.36,77.05,77.92
2014-09-12,77.99,78.3,77.1,77.48
2014-09-15,77.15,77.25,73.43,74.58
2014-09-16,73.52,76.23,73.07,76.08
2014-09-17,75.965,77.25,75.57,76.43
2014-09-18,76.77,77.33,76.52,77.0
2014-09-19,77.4,78.3,76.44,77.91
2014-09-22,77.0,77.53,75.95,76.8
2014-09-23,76.33,78.63,76.04,78.29
2014-09-24,78.1,78.62,77.51,78.535
2014-09-25,78.6,78.94,77.13,77.22
2014-09-26,77.59,78.8416,77.33,78.79
2014-09-29,78.12,79.199,77.91,79.0
2014-09-30,79.35,79.7067,78.6,79.04
2014-10-01,78.78,78.82,75.9,76.55
2014-10-02,76.57,77.48,75.64,77.08
2014-10-03,77.76,78.06,77.26,77.44
2014-10-06,77.19,77.89,76.85,77.555
2014-10-07,77.05,77.95,76.24,76.29
2014-10-08,76.18,77.71,75.1,77.52
2014-10-09,77.28,77.7601,75.85,75.91
2014-10-10,75.59,76.5,72.76,72.91
2014-10-13,73.23,74.78,72.52,72.99
2014-10-14,74.0,74.18,72.05,73.59
2014-10-15,71.69,73.8,70.32,73.21
2014-10-16,70.79,73.35,70.58,72.63
2014-10-17,74.23,76.0,73.75,75.95
2014-10-20,75.61,77.09,75.38,76.95
2014-10-21,77.56,78.74,77.15,78.69
2014-10-22,78.815,79.85,78.01,78.37
2014-10-23,79.38,80.63,79.01,80.04
2014-10-24,80.2,80.8183,79.32,80.67
2014-10-27,80.74,80.8,79.76,80.28
2014-10-28,80.18,81.16,79.57,80.77
2014-10-29,75.45,76.88,74.78,75.86
2014-10-30,75.05,75.35,72.9,74.11
2014-10-31,74.93,75.7,74.45,74.99
2014-11-03,75.47,75.52,73.7,73.88
2014-11-04,74.23,75.77,73.65,75.76
2014-11-05,76.51,76.8,74.42,74.83
2014-11-06,74.89,75.6,74.31,75.26
2014-11-07,75.39,75.855,75.02,75.6
2014-11-10,75.36,75.4799,74.61,75.0
2014-11-11,74.95,74.98,74.03,74.61
2014-11-12,74.28,75.14,73.54,74.72
2014-11-13,74.74,75.24,73.64,74.25
2014-11-14,74.27,74.93,74.04,74.88
2014-11-17,74.88,75.655,73.88,74.24
2014-11-18,74.45,74.8,73.9,74.34
2014-11-19,74.01,74.54,73.11,73.33
2014-11-20,72.8,73.99,72.51,73.6
2014-11-21,74.43,74.5,73.5,73.75
2014-11-24,73.54,74.35,73.35,74.01
2014-11-25,74.21,75.74,74.13,75.63
2014-11-26,75.53,77.78,75.51,77.62
2014-11-27,77.62,77.62,77.62,77.62
2014-11-28,77.67,78.27,77.23,77.7
2014-12-01,77.26,77.31,74.8,75.1
2014-12-02,75.33,75.91,75.04,75.46
2014-12-03,75.39,75.73,74.4,74.88
2014-12-04,74.83,75.55,74.66,75.24
2014-12-05,75.8,76.76,75.36,76.36
2014-12-08,76.18,77.25,75.4,76.52
2014-12-09,75.2,76.93,74.78,76.84
2014-12-10,76.65,77.55,76.07,76.18
2014-12-11,76.52,78.52,76.48,77.73
2014-12-12,77.16,78.88,77.02,77.83
2014-12-15,78.46,78.58,76.56,76.99
2014-12-16,76.19,77.39,74.59,74.69
2014-12-17,75.01,76.41,74.9,76.11
2014-12-18,76.89,78.4,76.51,78.4
2014-12-19,78.75,80.0,78.33,79.88
2014-12-22,80.08,81.89,80.0,81.45
2014-12-23,82.02,82.17,80.4,80.61
2014-12-24,81.03,81.43,80.75,80.77
2014-12-25,80.77,80.77,80.77,80.77
2014-12-26,81.02,81.28,80.51,80.775
2014-12-29,80.49,80.96,79.71,80.02
2014-12-30,79.85,80.59,79.1,79.22
2014-12-31,79.54,79.8,77.86,78.02
2015-01-01,78.02,78.02,78.02,78.02
2015-01-02,78.58,78.93,77.7,78.45
2015-01-05,77.98,79.2455,76.86,77.19
2015-01-06,77.23,77.59,75.365,76.15
2015-01-07,76.76,77.36,75.82,76.15
2015-01-08,76.74,78.23,76.08,78.175
2015-01-09,78.2,78.62,77.2,77.74
2015-01-12,77.84,78.0,76.21,76.72
2015-01-13,77.23,78.08,75.85,76.45
2015-01-14,76.42,77.2,76.0291,76.28
2015-01-15,76.4,76.57,73.54,74.05
2015-01-16,74.04,75.32,73.84,75.18
2015-01-19,75.18,75.18,75.18,75.18
2015-01-20,75.72,76.31,74.82,76.24
2015-01-21,76.16,77.3,75.85,76.74
2015-01-22,77.17,77.75,76.68,77.65
2015-01-23,77.65,78.19,77.04,77.83
2015-01-26,77.98,78.47,77.29,77.495
2015-01-27,76.71,76.88,75.63,75.78
2015-01-28,76.91,77.638,76.0,76.24
2015-01-29,76.85,78.02,74.21,78.0
2015-01-30,78.0,78.16,75.75,75.91
2015-02-02,76.11,76.14,73.75,74.99
2015-02-03,75.19,75.58,73.86,75.4
2015-02-04,75.09,76.35,75.01,75.63
2015-02-05,75.75,75.98,75.21,75.615
2015-02-06,75.68,75.7,74.25,74.47
2015-02-09,74.05,74.83,73.45,74.44
2015-02-10,74.85,75.34,74.5,75.19
2015-02-11,75.09,76.75,75.03,76.51
2015-02-12,76.86,76.87,75.89,76.23
2015-02-13,76.46,76.48,75.5,75.74
2015-02-16,75.74,75.74,75.74,75.74
2015-02-17,76.03,76.91,75.08,75.6
2015-02-18,75.94,76.9,75.45,76.71
2015-02-19,76.986,79.84,76.95,79.42
2015-02-20,79.55,80.34,79.2,79.895
2015-02-23,79.96,80.19,78.38,78.84
2015-02-24,78.5,79.48,78.1,78.45
2015-02-25,78.5,80.2,78.5,79.56
2015-02-26,79.88,81.37,79.72,80.41
2015-02-27,80.68,81.23,78.62,78.97
2015-03-02,79.07,79.855,78.52,79.75
2015-03-03,79.61,79.7,78.52,79.6
2015-03-04,79.3,81.15,78.85,80.895
2015-03-05,81.23,81.99,81.05,81.21
2015-03-06,80.9,81.33,79.83,80.005
2015-03-09,79.68,79.91,78.63,79.44
2015-03-10,78.5,79.26,77.55,77.55
2015-03-11,77.8,78.43,77.26,77.57
2015-03-12,78.1,79.05,77.91,78.93
2015-03-13,78.6,79.38,77.68,78.05
2015-03-16,77.96,78.12,77.36,78.07
2015-03-17,78.36,79.78,78.34,79.365
2015-03-18,79.25,81.24,79.17,80.91
2015-03-19,81.12,83.0,81.0,82.75
2015-03-20,83.39,84.6,83.07,83.8
2015-03-23,83.92,84.96,83.3,84.43
2015-03-24,84.71,86.0699,84.52,85.31
2015-03-25,85.5,85.52,82.92,82.92
2015-03-26,82.72,83.77,82.14,83.01
2015-03-27,83.38,83.95,82.88,83.3
2015-03-30,83.38,84.34,82.41,83.195
2015-03-31,82.9,83.5,82.21,82.215
2015-04-01,82.5,82.72,80.87,81.665
2015-04-02,82.25,82.56,81.44,81.555
2015-04-03,81.555,81.555,81.555,81.555
2015-04-06,80.8,82.81,80.8,82.44
2015-04-07,82.65,83.42,82.22,82.32
2015-04-08,82.63,83.1,81.84,82.275
2015-04-09,82.5,82.8,81.71,82.17
2015-04-10,82.21,82.61,81.91,82.04
2015-04-13,81.93,83.94,81.92,83.01
2015-04-14,83.17,83.69,82.44,83.515
2015-04-15,83.55,83.66,82.27,82.705
2015-04-16,82.47,83.07,82.15,82.31
2015-04-17,81.48,82.11,80.37,80.775
2015-04-20,81.54,83.15,81.24,83.09
2015-04-21,84.0,84.49,83.54,83.62
2015-04-22,84.32,84.74,83.65,84.63
2015-04-23,84.1,85.59,82.41,82.41
2015-04-24,82.77,82.94,81.48,81.53
2015-04-27,81.87,82.93,81.63,81.91
2015-04-28,81.83,81.9,80.23,80.68
2015-04-29,80.01,81.39,79.52,80.465
2015-04-30,80.01,80.96,78.32,78.77
2015-05-01,79.24,79.76,78.11,78.99
2015-05-04,79.33,79.69,78.6301,78.81
2015-05-05,78.55,78.8,77.22,77.56
2015-05-06,77.97,78.81,77.05,78.1
2015-05-07,78.0,78.94,77.56,78.425
2015-05-08,79.1,79.23,78.03,78.51
2015-05-11,78.48,79.03,77.93,78.01
2015-05-12,77.87,77.89,76.79,77.46
2015-05-13,77.72,78.53,77.65,78.44
2015-05-14,78.94,81.845,78.67,81.37
2015-05-15,81.42,81.52,80.18,80.42
2015-05-18,80.33,81.38,80.23,80.88
2015-05-19,81.25,81.69,80.55,80.63
2015-05-20,80.49,81.1,79.46,80.55
2015-05-21,80.19,80.92,80.08,80.48
2015-05-22,80.35,81.31,80.25,80.54
2015-05-25,80.54,80.54,80.54,80.54
2015-05-26,80.43,80.6,79.08,79.335
2015-05-27,79.6,80.66,79.43,80.55
2015-05-28,80.25,81.0745,80.0,80.145
2015-05-29,79.95,80.07,78.88,79.19
2015-06-01,79.3,80.38,78.66,80.29
2015-06-02,79.76,81.35,79.56,80.445
2015-06-03,81.35,82.53,81.25,82.44
2015-06-04,82.14,82.95,81.51,82.05
2015-06-05,81.87,82.46,81.51,82.14
2015-06-08,81.85,82.0,80.13,80.67
2015-06-09,80.6,81.19,79.32,80.67
2015-06-10,80.83,82.6,80.81,82.16
2015-06-11,82.31,82.9,81.36,81.83
2015-06-12,81.36,82.09,81.2,81.53
2015-06-15,80.55,80.93,80.07,80.71
2015-06-16,80.82,81.51,80.45,81.06
2015-06-17,81.76,82.22,81.34,81.79
2015-06-18,81.64,83.19,81.57,82.905
2015-06-19,82.88,82.98,82.12,82.51
2015-06-22,83.41,84.97,83.31,84.74
2015-06-23,84.96,87.97,84.76,87.88
2015-06-24,87.66,89.25,87.45,88.86
2015-06-25,89.26,89.4,87.835,87.98
2015-06-26,88.12,88.34,86.8283,88.01
2015-06-29,86.61,87.5,85.73,85.8
2015-06-30,86.6,86.7,85.57,85.765
2015-07-01,86.79,87.95,86.49,86.91
2015-07-02,87.4,87.44,86.3401,87.285
2015-07-03,87.285,87.285,87.285,87.285
2015-07-06,86.49,88.1846,86.39,87.55
2015-07-07,87.8,87.85,85.231,87.22
2015-07-08,86.29,86.75,85.445,85.65
2015-07-09,86.73,87.6,85.6499,85.88
2015-07-10,87.35,88.22,86.77,87.95
2015-07-13,88.66,90.22,88.42,90.1
2015-07-14,90.46,90.8,89.65,89.68
2015-07-15,90.0,90.99,89.42,89.76
2015-07-16,90.28,90.86,89.77,90.85
2015-07-17,92.55,95.39,92.54,94.97
2015-07-20,95.85,98.6,95.36,97.91
2015-07-21,98.95,99.24,97.1427,98.39
2015-07-22,96.74,97.58,95.92,97.04
2015-07-23,96.96,97.45,94.81,95.44
2015-07-24,97.35,97.76,95.88,96.95
2015-07-27,96.58,96.61,93.8301,94.17
2015-07-28,94.84,95.56,93.31,95.29
2015-07-29,96.32,97.28,94.74,96.99
2015-07-30,94.91,95.81,91.8,95.21
2015-07-31,94.95,96.33,93.95,94.01
2015-08-03,93.53,95.08,92.8,94.14
2015-08-04,93.79,94.73,93.33,94.06
2015-08-05,95.25,97.09,95.18,96.44
2015-08-06,97.18,98.74,94.42,95.12
2015-08-07,95.38,95.4,93.61,94.3
2015-08-10,95.68,95.9,93.63,94.15
2015-08-11,93.73,94.76,92.9006,93.62
2015-08-12,92.7,94.44,91.19,94.19
2015-08-13,94.05,94.73,93.35,93.43
2015-08-14,93.54,94.72,93.21,94.42
2015-08-17,94.42,94.46,93.39,93.93
2015-08-18,94.08,95.85,94.04,95.17
2015-08-19,94.63,96.1,94.161,95.31
2015-08-20,93.54,94.77,90.46,90.56
2015-08-21,87.52,89.18,85.61,86.06
2015-08-24,77.03,87.14,72.0,82.09
2015-08-25,86.95,87.67,83.0,83.0
2015-08-26,85.95,87.46,83.26,87.19
2015-08-27,89.1,90.06,87.19,89.73
2015-08-28,89.88,91.48,89.792,91.01
2015-08-31,90.6,91.05,88.89,89.43
2015-09-01,86.85,89.39,86.5,87.23
2015-09-02,88.81,89.89,87.63,89.89
2015-09-03,89.76,89.82,87.73,88.15
2015-09-04,87.2,88.39,86.7,88.26
2015-09-07,88.26,88.26,88.26,88.26
2015-09-08,89.69,90.24,88.83,89.53
2015-09-09,90.78,91.98,90.17,90.44
2015-09-10,90.07,92.06,89.63,91.98
2015-09-11,91.68,92.08,91.13,92.05
2015-09-14,92.31,92.62,91.6,92.31
2015-09-15,92.37,93.25,91.79,92.9
2015-09-16,92.9,93.6,92.63,93.45
2015-09-17,93.37,95.51,92.9,94.34
2015-09-18,93.2,95.19,93.05,94.4
2015-09-21,94.62,96.49,94.52,95.55
2015-09-22,93.77,94.68,91.92,92.96
2015-09-23,93.4,94.32,92.8,93.97
2015-09-24,93.06,94.765,92.24,94.41
2015-09-25,95.79,95.85,92.06,92.77
2015-09-28,92.08,92.29,88.18,89.21
2015-09-29,89.1,90.06,85.72,86.67
2015-09-30,88.44,90.02,88.01,89.9
2015-10-01,90.05,90.95,88.36,90.95
2015-10-02,88.9,92.2,88.37,92.07
2015-10-05,92.94,94.27,92.66,94.01
2015-10-06,94.08,94.17,92.34,92.8
2015-10-07,93.11,93.66,91.37,92.4
2015-10-08,91.89,93.22,90.47,92.47
2015-10-09,92.9,93.74,92.239,93.24
2015-10-12,93.32,94.6,92.67,94.26
2015-10-13,93.66,95.37,93.55,94.12
2015-10-14,94.08,95.2,93.61,94.07
2015-10-15,94.99,96.3,94.9,95.96
2015-10-16,96.18,97.59,95.35,97.54
2015-10-19,97.18,98.57,96.92,98.47
2015-10-20,98.73,99.59,96.56,97.0
2015-10-21,97.37,98.18,96.47,97.11
2015-10-22,97.79,99.73,97.55,99.67
2015-10-23,101.91,102.85,100.16,102.19
2015-10-26,102.2,103.81,101.55,103.77
2015-10-27,102.94,104.1,102.4,103.7
2015-10-28,103.9,104.48,102.92,104.2
2015-10-29,103.96,105.12,103.52,104.88
2015-10-30,104.51,104.72,101.65,101.97
2015-11-02,102.46,103.47,101.18,103.31
2015-11-03,103.22,103.65,102.4,102.58
2015-11-04,103.19,104.14,102.48,103.94
2015-11-05,108.8,110.65,107.95,108.76
2015-11-06,108.04,108.74,105.91,107.095
2015-11-09,107.0,108.25,105.86,106.49
2015-11-10,105.96,108.15,105.24,107.91
2015-11-11,108.27,109.87,107.11,109.01
2015-11-12,108.48,109.39,108.0,108.02
2015-11-13,107.71,108.25,103.83,103.95
2015-11-16,103.32,104.17,100.47,104.04
2015-11-17,104.62,106.2,104.14,105.13
2015-11-18,105.8,107.88,105.39,107.77
2015-11-19,107.36,107.73,105.95,106.26
2015-11-20,106.84,107.87,106.62,107.32
2015-11-23,107.19,107.468,106.08,106.95
2015-11-24,106.0,106.49,104.39,105.74
2015-11-25,106.33,106.6,105.1,105.41
2015-11-26,105.41,105.41,105.41,105.41
2015-11-27,105.78,105.96,104.86,105.45
2015-11-30,105.84,106.0999,103.75,104.24
2015-12-01,104.83,107.15,104.5,107.12
2015-12-02,107.0,107.92,105.79,106.07
2015-12-03,106.27,106.85,103.35,104.38
2015-12-04,104.81,107.73,104.11,106.18
2015-12-07,106.48,106.83,104.66,105.61
2015-12-08,104.0,106.91,103.95,106.49
2015-12-09,106.18,106.44,103.55,104.6
2015-12-10,105.05,106.4,104.41,105.42
2015-12-11,104.15,104.34,101.91,102.12
2015-12-14,102.285,104.74,101.46,104.66
2015-12-15,105.3,105.8,104.28,104.55
2015-12-16,105.37,107.09,104.19,106.79
2015-12-17,107.49,107.75,106.13,106.22
2015-12-18,106.08,106.59,103.97,104.04
2015-12-21,104.91,105.15,103.6,104.77
2015-12-22,105.22,105.6601,104.81,105.51
2015-12-23,105.89,106.11,103.86,104.63
2015-12-24,104.74,105.32,104.5,105.02
2015-12-25,105.02,105.02,105.02,105.02
2015-12-28,105.02,105.98,104.53,105.93
2015-12-29,106.42,107.74,106.25,107.26
2015-12-30,107.0,107.25,106.06,106.22
2015-12-31,106.0,106.17,104.62,104.66
2016-01-01,104.66,104.66,104.66,104.66
2016-01-04,101.95,102.24,99.75,102.22
2016-01-05,102.89,103.7099,101.665,102.73
2016-01-06,101.13,103.77,100.9,102.97
2016-01-07,100.5,101.43,97.3,97.92
2016-01-08,99.88,100.5,97.0311,97.33
2016-01-11,97.91,98.6,95.39,97.51
2016-01-12,99.0,99.96,97.55,99.37
2016-01-13,100.58,100.58,95.21,95.44
2016-01-14,95.85,98.87,92.45,98.37
2016-01-15,93.98,96.38,93.54,94.97
2016-01-18,94.97,94.97,94.97,94.97
2016-01-19,96.53,97.42,93.92,95.26
2016-01-20,92.83,95.0,89.37,94.35
2016-01-21,94.91,95.99,92.62,94.16
2016-01-22,96.41,98.07,95.49,97.94
2016-01-25,98.72,99.48,96.93,97.01
2016-01-26,97.76,97.88,95.66,97.34
2016-01-27,97.79,97.85,94.23,94.45
2016-01-28,107.2,110.34,104.81,109.11
2016-01-29,108.99,112.84,108.84,112.21
2016-02-01,112.27,115.72,112.01,115.09
2016-02-02,114.8,117.59,113.2,114.61
2016-02-03,115.27,115.3407,109.75,112.69
2016-02-04,111.8,111.94,109.25,110.49
2016-02-05,109.51,109.58,103.18,104.07
2016-02-08,100.41,102.68,97.46,99.75
2016-02-09,97.14,102.4,96.82,99.54
2016-02-10,101.55,103.25,100.24,101.0
2016-02-11,99.6,105.11,98.88,101.91
2016-02-12,103.74,104.24,101.09,102.01
2016-02-15,102.01,102.01,102.01,102.01
2016-02-16,103.8,103.93,100.24,101.61
2016-02-17,101.94,105.72,100.4,105.2
2016-02-18,105.8,106.0,103.03,103.47
2016-02-19,102.55,105.02,102.06,104.57
2016-02-22,105.49,108.25,105.34,107.16
2016-02-23,106.85,107.47,105.12,105.46
2016-02-24,104.21,106.95,102.74,106.88
2016-02-25,107.11,108.07,105.61,108.07
2016-02-26,108.7,109.45,107.16,107.92
2016-02-29,107.6,108.9101,106.75,106.92
2016-03-01,107.83,109.82,107.6,109.82
2016-03-02,109.68,110.55,108.77,109.95
2016-03-03,110.25,110.3,108.54,109.58
2016-03-04,110.05,110.05,107.93,108.39
2016-03-07,108.07,108.07,104.72,105.73
2016-03-08,104.78,107.37,104.4,105.93
2016-03-09,106.7,107.51,105.49,107.51
2016-03-10,107.91,108.66,105.7699,107.32
2016-03-11,108.48,109.42,107.92,109.41
2016-03-14,109.28,110.33,108.77,109.89
2016-03-15,109.11,110.83,108.84,110.67
2016-03-16,110.49,112.5,110.1,112.18
2016-03-17,112.15,112.69,110.73,111.02
2016-03-18,111.56,112.42,110.27,111.45
2016-03-21,111.66,112.37,111.03,111.85
2016-03-22,111.36,112.88,111.17,112.25
2016-03-23,112.01,113.19,112.0,112.54
2016-03-24,112.13,113.09,111.68,113.05
2016-03-25,113.05,113.05,113.05,113.05
2016-03-28,113.32,114.5889,112.95,113.69
2016-03-29,113.83,116.32,113.64,116.14
2016-03-30,116.73,116.99,114.355,114.7
2016-03-31,114.7,115.01,113.7682,114.1
2016-04-01,113.75,116.17,113.35,116.06
2016-04-04,114.07,114.55,111.61,112.55
2016-04-05,112.11,113.32,111.9,112.22
2016-04-06,112.47,113.81,112.42,113.71
2016-04-07,113.79,114.89,113.0663,113.64
2016-04-08,114.25,114.33,109.9,110.63
2016-04-11,110.7,110.91,108.77,108.99
2016-04-12,109.34,111.1645,108.99,110.61
2016-04-13,112.23,112.65,106.52,110.51
2016-04-14,110.62,112.04,110.26,110.84
2016-04-15,110.79,110.97,109.2,109.64
2016-04-18,109.74,110.81,109.2,110.45
2016-04-19,111.1,112.45,109.16,112.29
2016-04-20,112.43,113.27,111.56,112.42
2016-04-21,112.55,114.04,112.31,113.44
2016-04-22,111.21,111.75,109.01,110.56
2016-04-25,109.87,110.67,109.07,110.1
2016-04-26,110.49,110.5,108.15,108.76
2016-04-27,107.94,108.94,106.31,108.89
2016-04-28,119.575,120.79,116.23,116.73
2016-04-29,116.82,117.84,115.84,117.58
2016-05-02,117.83,118.73,116.57,118.57
2016-05-03,117.52,118.16,117.02,117.43
2016-05-04,116.61,118.3,116.57,118.06
2016-05-05,118.04,118.98,117.25,117.81
2016-05-06,117.16,119.637,117.1127,119.49
2016-05-09,119.54,120.28,118.9,119.24
2016-05-10,119.62,120.5,114.8,120.5
2016-05-11,120.41,121.08,119.42,119.52
2016-05-12,119.98,120.84,118.9,120.28
2016-05-13,120.38,120.64,119.68,119.81
2016-05-16,119.38,119.61,117.35,118.67
2016-05-17,118.82,119.01,117.2,117.35
2016-05-18,116.8,118.27,116.73,117.65
2016-05-19,117.05,117.49,115.88,116.81
2016-05-20,116.96,117.99,116.95,117.35
2016-05-23,117.42,117.6,115.94,115.97
2016-05-24,116.24,117.73,116.12,117.7
2016-05-25,118.13,118.665,117.38,117.89
2016-05-26,118.24,119.7601,117.92,119.47
2016-05-27,119.56,119.85,119.01,119.38
2016-05-30,119.38,119.38,119.38,119.38
2016-05-31,119.46,120.1,118.121,118.81
2016-06-01,118.5,119.08,117.82,118.78
2016-06-02,118.69,119.44,118.22,118.93
2016-06-03,118.975,118.98,117.86,118.47
2016-06-06,118.62,119.43,118.36,118.79
2016-06-07,119.24,119.3,117.67,117.76
2016-06-08,117.76,118.6,117.27,118.39
2016-06-09,118.13,118.68,117.71,118.56
2016-06-10,117.54,118.11,116.26,116.62
2016-06-13,115.0,115.48,113.31,113.95
2016-06-14,114.07,114.95,113.58,114.94
2016-06-15,115.3,115.44,114.07,114.6
2016-06-16,113.87,114.5,112.94,114.39
2016-06-17,114.42,114.43,112.56,113.02
2016-06-20,113.77,114.72,112.75,113.37
2016-06-21,114.12,115.2142,113.97,114.38
2016-06-22,114.65,114.74,113.61,113.91
2016-06-23,114.37,115.09,113.54,115.08
2016-06-24,111.01,113.68,111.0,112.08
2016-06-27,111.57,111.57,108.23,108.97
2016-06-28,110.63,112.75,110.55,112.7
2016-06-29,113.37,114.25,113.04,114.16
2016-06-30,114.67,115.18,113.67,114.28
2016-07-01,114.2,115.13,113.81,114.19
2016-07-04,114.19,114.19,114.19,114.19
2016-07-05,113.94,114.11,112.97,114.0
2016-07-06,113.36,116.79,112.97,116.7
2016-07-07,116.63,116.97,115.36,115.85
2016-07-08,116.43,117.5,115.85,117.24
2016-07-11,117.71,118.7,117.5,117.87
2016-07-12,118.63,118.72,117.57,117.93
2016-07-13,118.39,118.4,116.68,116.78
2016-07-14,117.5,117.64,116.7,117.29
2016-07-15,117.74,118.28,116.58,116.86
2016-07-18,117.32,119.61,116.89,119.37
2016-07-19,118.99,120.85,118.66,120.61
2016-07-20,121.25,122.2,120.56,121.92
2016-07-21,121.92,122.1,120.25,120.61
2016-07-22,119.9,121.01,119.31,121.0
2016-07-25,121.39,121.85,117.78,121.63
2016-07-26,122.0,122.07,120.75,121.22
2016-07-27,122.42,125.0,121.51,123.34
2016-07-28,127.52,128.33,123.63,125.0
2016-07-29,124.65,125.84,123.71,123.94
2016-08-01,123.85,124.58,122.86,124.31
2016-08-02,124.06,124.8,122.07,123.09
2016-08-03,123.09,123.92,122.31,122.51
2016-08-04,122.94,124.79,122.51,124.36
2016-08-05,124.98,125.835,124.6184,125.15
2016-08-08,125.25,125.45,124.55,125.26
2016-08-09,125.34,126.09,124.53,125.06
2016-08-10,125.07,125.48,124.54,124.88
2016-08-11,125.2,125.38,124.75,124.9
2016-08-12,124.7,125.0,124.18,124.88
2016-08-15,124.91,124.92,123.7,123.9
2016-08-16,123.5,123.92,122.78,123.3
2016-08-17,123.66,124.38,122.85,124.37
2016-08-18,124.01,124.26,123.64,123.91
2016-08-19,123.6,124.157,123.28,123.56
2016-08-22,123.33,124.83,123.11,124.15
2016-08-23,124.51,125.09,124.25,124.37
2016-08-24,124.47,124.69,123.09,123.48
2016-08-25,123.12,124.37,123.1,123.89
2016-08-26,124.05,125.19,123.91,124.96
2016-08-29,124.35,126.73,124.35,126.54
2016-08-30,126.6,126.6,125.15,125.84
2016-08-31,125.6,126.22,125.1,126.12
2016-09-01,126.38,126.63,125.6,126.17
2016-09-02,126.85,126.86,126.0,126.51
2016-09-05,126.51,126.51,126.51,126.51
2016-09-06,126.67,129.94,126.47,129.73
2016-09-07,130.04,131.98,129.95,131.05
2016-09-08,130.92,131.08,129.81,130.27
2016-09-09,129.71,129.949,127.1,127.1
2016-09-12,125.96,128.76,125.75,128.69
2016-09-13,128.03,128.35,126.66,127.21
2016-09-14,126.89,128.8,126.89,127.77
2016-09-15,127.98,129.1,127.67,128.35
2016-09-16,128.2,129.18,128.2,129.07
2016-09-19,129.91,129.94,128.26,128.65
2016-09-20,128.65,129.17,128.0307,128.64
2016-09-21,129.13,130.005,128.39,129.94
2016-09-22,130.5,130.73,129.56,130.08
2016-09-23,127.56,128.6,127.3,127.96
2016-09-26,127.37,128.16,126.8,127.31
2016-09-27,127.61,129.01,127.43,128.69
2016-09-28,129.21,129.47,128.4,129.23
2016-09-29,129.18,129.29,127.55,128.09
2016-09-30,128.03,128.59,127.45,128.27
2016-10-03,128.38,129.09,127.8,128.77
2016-10-04,129.17,129.2765,127.5499,128.19
2016-10-05,128.25,128.8,127.83,128.47
2016-10-06,128.43,129.06,128.08,128.74
2016-10-07,129.04,129.25,128.33,128.99
2016-10-10,129.68,130.7,129.2,130.24
2016-10-11,130.23,130.64,128.23,128.88
2016-10-12,129.01,129.66,128.46,129.05
2016-10-13,128.21,128.25,126.75,127.82
2016-10-14,128.49,128.95,127.58,127.88
2016-10-17,128.2,128.47,127.32,127.54
2016-10-18,128.68,129.39,128.01,128.57
2016-10-19,128.74,130.47,128.6,130.11
2016-10-20,130.07,130.66,129.5,130.0
2016-10-21,129.78,132.13,129.7,132.07
2016-10-24,132.72,133.405,132.15,133.28
2016-10-25,133.5,133.5,132.22,132.29
2016-10-26,131.64,132.26,130.935,131.04
2016-10-27,131.74,131.8,129.27,129.69
2016-10-28,130.5,132.97,129.93,131.29
2016-10-31,132.01,132.12,130.8835,130.99
2016-11-01,131.41,131.94,128.65,129.5
2016-11-02,130.23,130.23,126.28,127.17
2016-11-03,122.0,123.28,119.5,120.0
2016-11-04,119.59,121.93,119.25,120.75
2016-11-07,122.83,123.2089,121.35,122.15
2016-11-08,122.03,124.61,121.54,124.22
2016-11-09,121.5,123.81,120.51,123.18
2016-11-10,123.93,124.18,115.27,120.8
2016-11-11,119.53,120.7,118.15,119.02
2016-11-14,119.1256,119.1256,113.5535,115.08
2016-11-15,116.73,118.49,115.83,117.2
2016-11-16,114.48,117.88,114.21,116.34
2016-11-17,116.81,117.79,116.01,117.79
2016-11-18,118.39,119.13,116.84,117.02
2016-11-21,118.2,121.95,117.8,121.77
2016-11-22,122.4,122.98,120.9,121.47
2016-11-23,121.23,121.31,119.94,120.84
2016-11-24,120.84,120.84,120.84,120.84
2016-11-25,121.01,121.14,120.07,120.38
2016-11-28,120.12,121.69,119.82,120.41
2016-11-29,120.57,122.1,120.4,120.87
2016-11-30,120.32,121.79,117.95,118.42
2016-12-01,118.38,118.45,114.0,115.1
2016-12-02,115.11,116.48,114.3,115.4
2016-12-05,115.95,117.57,115.07,117.43
2016-12-06,117.69,117.795,116.33,117.31
2016-12-07,117.0,117.95,116.57,117.95
2016-12-08,117.98,119.5,117.64,118.91
2016-12-09,119.22,119.94,118.95,119.68
2016-12-12,119.22,119.24,117.65,117.77
2016-12-13,117.86,121.52,117.61,120.31
2016-12-14,120.0,121.69,118.85,120.21
2016-12-15,120.08,122.5,119.63,120.57
2016-12-16,120.9,121.5,119.27,119.87
2016-12-19,119.85,120.36,118.51,119.24
2016-12-20,119.5,119.77,118.8,119.09
2016-12-21,118.92,119.2,118.48,119.04
2016-12-22,118.86,118.99,116.93,117.4
2016-12-23,117.0,117.56,116.3,117.27
2016-12-26,117.27,117.27,117.27,117.27
2016-12-27,116.96,118.68,116.864,118.01
2016-12-28,118.19,118.25,116.65,116.92
2016-12-29,117.0,117.531,116.06,116.35
2016-12-30,116.595,116.83,114.7739,115.05
2017-01-02,115.05,115.05,115.05,115.05
2017-01-03,116.03,117.84,115.51,116.86
2017-01-04,117.55,119.66,117.29,118.69
2017-01-05,118.86,120.95,118.3209,120.67
2017-01-06,120.98,123.88,120.03,123.41
2017-01-09,123.55,125.43,123.04,124.9
2017-01-10,124.82,125.5,124.28,124.35
2017-01-11,124.35,126.12,124.06,126.09
2017-01-12,125.61,126.73,124.8,126.62
2017-01-13,127.49,129.27,127.37,128.34
2017-01-16,128.34,128.34,128.34,128.34
2017-01-17,128.04,128.34,127.4,127.87
2017-01-18,128.41,128.43,126.84,127.92
2017-01-19,128.23,128.35,127.45,127.55
2017-01-20,128.1,128.48,126.78,127.04
2017-01-23,127.31,129.25,126.95,128.93
2017-01-24,129.38,129.9,128.38,129.37
2017-01-25,130.0,131.74,129.77,131.48
2017-01-26,131.63,133.14,131.4401,132.78
2017-01-27,132.68,132.95,131.08,132.18
2017-01-30,131.58,131.58,129.6,130.98
2017-01-31,130.17,130.66,129.5157,130.32
2017-02-01,132.25,133.49,130.68,133.23
2017-02-02,133.22,135.49,130.4,130.84
2017-02-03,131.24,132.85,130.76,130.98
2017-02-06,130.98,132.06,130.3,132.06
2017-02-07,132.24,133.0,131.661,131.84
2017-02-08,132.6,134.44,132.44,134.2
2017-02-09,134.49,134.5,133.31,134.14
2017-02-10,134.1,134.94,133.68,134.19
2017-02-13,134.6975,134.6975,133.7,134.05
2017-02-14,134.1,134.23,132.55,133.85
2017-02-15,133.45,133.7,132.66,133.44
2017-02-16,133.07,133.87,133.022,133.84
2017-02-17,133.5,134.0912,133.17,133.53
2017-02-20,133.53,133.53,133.53,133.53
2017-02-21,133.5,133.91,132.9,133.72
2017-02-22,133.6,136.79,133.46,136.12
2017-02-23,135.89,136.12,134.33,135.36
2017-02-24,134.16,135.62,134.16,135.44
2017-02-27,135.26,137.1846,135.02,136.41
2017-02-28,136.79,136.805,134.75,135.54
2017-03-01,136.47,137.48,136.3,137.42
2017-03-02,137.09,137.82,136.31,136.76
2017-03-03,136.63,137.33,136.08,137.17
2017-03-06,136.88,137.83,136.51,137.42
2017-03-07,137.03,138.37,136.99,137.3
2017-03-08,137.15,137.99,137.0516,137.72
2017-03-09,137.72,138.57,137.4,138.24
2017-03-10,138.91,139.49,138.22,138.79
2017-03-13,139.1401,139.68,138.6729,139.6
2017-03-14,139.46,139.46,138.52,139.32
2017-03-15,139.29,140.1,138.49,139.72
2017-03-16,140.2,140.25,139.73,139.99
2017-03-17,140.34,140.34,139.7,139.84
2017-03-20,139.71,140.19,139.25,139.94
2017-03-21,141.15,142.3082,138.4,138.51
2017-03-22,137.93,139.79,137.6,139.59
2017-03-23,139.48,140.39,139.09,139.53
2017-03-24,140.08,141.0244,139.76,140.34
2017-03-27,139.05,140.65,138.77,140.32
2017-03-28,140.36,141.95,140.01,141.76
2017-03-29,141.99,142.86,141.43,142.65
2017-03-30,142.4,142.95,141.85,142.41
2017-03-31,142.31,142.63,141.89,142.05
2017-04-03,141.93,142.47,140.82,142.28
2017-04-04,141.86,142.09,141.27,141.73
2017-04-05,142.26,143.44,141.29,141.85
2017-04-06,142.11,142.22,140.91,141.17
2017-04-07,141.2,141.55,140.24,140.78
2017-04-10,141.0,141.43,140.63,141.04
2017-04-11,140.8,141.0299,138.81,139.92
2017-04-12,139.72,140.4,139.44,139.58
2017-04-13,139.62,140.58,139.33,139.39
2017-04-14,139.39,139.39,139.39,139.39
2017-04-17,139.76,141.55,139.75,141.42
2017-04-18,141.27,141.905,140.61,140.96
2017-04-19,141.35,143.04,141.27,142.27
2017-04-20,142.95,144.25,142.689,143.8
2017-04-21,143.9,144.17,142.27,143.68
2017-04-24,144.96,145.6738,144.34,145.47
2017-04-25,145.79,147.15,145.7898,146.49
2017-04-26,147.09,147.59,146.09,146.56
2017-04-27,146.67,147.75,146.14,147.7
2017-04-28,149.5,151.53,149.07,150.25
2017-05-01,151.74,152.57,151.42,152.46
2017-05-02,153.34,153.44,151.66,152.78
2017-05-03,153.6,153.6,151.34,151.8
2017-05-04,150.17,151.52,148.72,150.85
2017-05-05,151.45,151.63,149.79,150.24
2017-05-08,150.71,151.08,149.74,151.06
2017-05-09,151.49,152.59,150.21,150.48
2017-05-10,150.23,150.52,148.86,150.29
2017-05-11,150.31,150.65,149.41,150.04
2017-05-12,150.4,150.46,149.63,150.33
2017-05-15,150.17,151.48,149.77,150.19
2017-05-16,150.11,150.21,149.03,149.78
2017-05-17,148.0,148.67,144.4216,144.85
2017-05-18,144.72,148.15,144.51,147.66
2017-05-19,148.445,149.39,147.96,148.06
2017-05-22,148.08,148.59,147.69,148.24
2017-05-23,148.52,148.81,147.25,148.07
2017-05-24,148.51,150.23,148.42,150.04
2017-05-25,150.3,152.59,149.95,151.96
2017-05-26,152.23,152.25,151.15,152.13
2017-05-29,152.13,152.13,152.13,152.13
2017-05-30,151.97,152.9,151.64,152.38
2017-05-31,152.7,153.35,151.09,151.46
2017-06-01,151.75,152.29,150.3,151.53
2017-06-02,151.85,153.63,151.3,153.61
2017-06-05,153.64,154.7088,153.41,153.63
2017-06-06,153.41,154.52,152.48,152.81
2017-06-07,153.27,153.75,152.34,153.12
2017-06-08,154.08,154.73,153.1,154.71
2017-06-09,154.77,155.59,146.61,149.6
2017-06-12,148.17,149.195,144.56,148.44
2017-06-13,150.15,151.18,148.9,150.68
2017-06-14,151.26,152.4,149.05,150.25
2017-06-15,147.67,150.0366,146.3747,149.8
2017-06-16,149.59,150.83,148.6,150.64
2017-06-19,151.71,153.57,151.71,152.87
2017-06-20,152.88,153.84,152.21,152.25
2017-06-21,152.36,154.08,151.88,153.91
2017-06-22,153.01,154.55,152.91,153.4
2017-06-23,152.72,155.2,152.65,155.07
2017-06-26,156.25,156.5,153.1954,153.59
2017-06-27,152.84,153.31,150.39,150.58
2017-06-28,150.92,153.47,149.86,153.24
2017-06-29,152.28,152.5,148.9175,151.04
2017-06-30,151.9,151.92,150.06,150.98
2017-07-03,151.72,152.15,147.8,148.43
2017-07-04,148.43,148.43,148.43,148.43
2017-07-05,149.0,150.85,148.13,150.34
2017-07-06,149.03,150.04,148.0,148.82
2017-07-07,149.25,151.99,149.19,151.44
2017-07-10,151.69,153.98,151.51,153.5
2017-07-11,153.37,155.4225,152.91,155.27
2017-07-12,156.49,159.16,156.2,158.9
2017-07-13,158.74,159.78,158.4227,159.26
2017-07-14,160.13,160.32,159.3254,159.97
2017-07-17,160.25,160.78,158.81,159.73
2017-07-18,159.66,163.73,159.42,162.86
2017-07-19,163.59,165.7,163.17,164.14
2017-07-20,164.8,165.0,162.81,164.53
2017-07-21,164.16,165.05,163.75,164.43
2017-07-24,164.64,166.17,164.31,166.0
2017-07-25,165.01,165.54,163.8619,165.28
2017-07-26,166.01,166.01,164.1,165.61
2017-07-27,174.7,175.49,167.5,170.44
2017-07-28,169.07,173.43,169.05,172.45
2017-07-31,172.0,172.72,168.55,169.25
2017-08-01,169.82,170.47,169.05,169.86
2017-08-02,170.3,170.55,166.91,169.3
2017-08-03,169.3,169.7,168.25,168.59
2017-08-04,168.97,170.06,168.69,169.62
2017-08-07,169.95,172.06,169.66,171.98
2017-08-08,171.88,173.05,170.62,171.23
2017-08-09,169.98,171.45,169.56,171.18
2017-08-10,170.06,170.59,166.85,167.4
2017-08-11,167.95,168.82,166.85,168.08
2017-08-14,170.09,171.08,169.29,170.75
2017-08-15,171.49,171.5,170.01,171.0
2017-08-16,171.25,171.38,169.24,170.0
2017-08-17,169.34,169.86,166.85,166.91
2017-08-18,166.84,168.67,166.21,167.41
2017-08-21,167.16,168.0,165.82,167.78
2017-08-22,168.28,169.87,167.15,169.64
2017-08-23,168.84,169.36,168.2,168.71
2017-08-24,168.88,169.29,166.41,167.74
2017-08-25,167.86,168.38,166.18,166.32
2017-08-28,166.91,167.7,166.33,167.24
2017-08-29,165.25,168.425,165.0,168.05
2017-08-30,168.17,170.18,167.63,169.92
2017-08-31,170.4,172.145,170.06,171.97
2017-09-01,172.4,172.915,171.31,172.02
2017-09-04,172.02,172.02,172.02,172.02
2017-09-05,171.27,172.3875,169.55,170.72
2017-09-06,170.91,172.48,169.57,172.09
2017-09-07,171.94,173.3067,170.27,173.21
2017-09-08,173.09,173.49,170.8,170.95
2017-09-11,172.4,173.89,172.2,173.51
2017-09-12,173.76,174.0,171.75,172.96
2017-09-13,173.01,173.17,172.06,173.05
2017-09-14,172.26,172.28,170.5,170.96
2017-09-15,170.88,172.34,170.26,171.64
2017-09-18,171.99,172.07,169.34,170.01
2017-09-19,170.62,172.56,170.36,172.52
2017-09-20,172.5,173.05,170.7,172.17
2017-09-21,171.69,172.27,170.01,171.11
2017-09-22,170.21,171.73,169.22,170.54
2017-09-25,169.24,169.3,161.56,162.87
2017-09-26,164.5,165.5,162.78,164.21
2017-09-27,165.9,168.34,165.57,167.68
2017-09-28,167.94,169.0696,167.16,168.73
2017-09-29,168.83,171.66,168.81,170.87
2017-10-02,171.39,171.87,168.75,169.47
2017-10-03,169.3,170.73,169.2,169.96
2017-10-04,169.83,170.67,168.29,168.42
2017-10-05,169.18,171.31,168.6,171.24
2017-10-06,170.25,172.37,169.75,172.23
2017-10-09,172.7,174.88,172.0,172.5
2017-10-10,173.0,173.2,170.8,171.59
2017-10-11,171.95,172.78,171.4,172.74
2017-10-12,172.61,173.85,172.29,172.55
2017-10-13,173.45,174.65,173.2,173.74
2017-10-16,174.49,175.0,174.06,174.52
2017-10-17,174.71,176.13,174.36,176.11
2017-10-18,176.65,176.74,175.75,176.03
2017-10-19,174.93,176.03,172.63,174.56
2017-10-20,175.5,175.88,174.63,174.98
2017-10-23,175.2,175.34,171.25,171.27
2017-10-24,172.3,173.24,171.5,171.8
2017-10-25,171.9,172.25,168.89,170.6
2017-10-26,171.38,172.285,170.39,170.63
2017-10-27,174.15,178.21,173.9,177.88
2017-10-30,179.26,180.69,177.61,179.87
2017-10-31,180.57,180.8,178.94,180.06
2017-11-01,182.36,182.9,180.57,182.66
2017-11-02,180.63,181.94,177.34,178.92
2017-11-03,179.29,179.86,176.71,178.92
2017-11-06,178.56,180.45,178.31,180.17
2017-11-07,180.5,180.7478,178.96,180.25
2017-11-08,179.79,180.35,179.11,179.56
2017-11-09,178.31,179.4,177.09,179.3
2017-11-10,178.35,179.0999,177.96,178.46
2017-11-13,177.5,179.04,177.3,178.77
2017-11-14,178.13,178.97,177.18,178.07
2017-11-15,176.66,178.57,176.4,177.95
2017-11-16,178.76,179.83,178.5,179.59
2017-11-17,179.3,179.98,178.9,179.0
2017-11-20,178.87,179.5,178.1,178.74
2017-11-21,179.15,181.89,178.99,181.86
2017-11-22,181.3,181.73,180.44,180.87
2017-11-23,180.87,180.87,180.87,180.87
2017-11-24,180.4,183.15,180.29,182.78
2017-11-27,182.56,183.73,181.99,183.03
2017-11-28,183.51,184.25,182.09,182.42
2017-11-29,181.89,181.97,174.0,175.13
2017-11-30,176.85,178.275,175.2,177.18
2017-12-01,176.03,177.48,172.34,175.1
2017-12-04,176.29,176.57,170.79,171.47
2017-12-05,170.45,175.38,169.01,172.83
2017-12-06,172.5,176.77,171.9,176.06
2017-12-07,175.8,180.39,175.8,180.14
2017-12-08,181.53,182.28,178.7401,179.0
2017-12-11,179.3,180.22,178.8,179.04
2017-12-12,178.6,179.18,176.6,176.96
2017-12-13,177.3,179.16,177.25,178.3
2017-12-14,178.29,180.3601,177.68,178.39
2017-12-15,179.02,180.4934,178.36,180.18
2017-12-18,181.01,181.3,179.75,180.82
2017-12-19,179.95,180.08,178.22,179.51
2017-12-20,179.81,179.81,177.36,177.89
2017-12-21,177.94,178.68,177.05,177.45
2017-12-22,177.14,177.53,176.23,177.2
2017-12-25,177.2,177.2,177.2,177.2
2017-12-26,176.63,177.0,174.67,175.99
2017-12-27,176.55,178.44,176.26,177.62
2017-12-28,177.95,178.9367,177.68,177.92
2017-12-29,178.0,178.85,176.46,176.46
2018-01-01,176.46,176.46,176.46,176.46
2018-01-02,177.68,181.58,177.55,181.42
2018-01-03,181.88,184.78,181.33,184.67
2018-01-04,184.9,186.21,184.0996,184.33
2018-01-05,185.59,186.9,184.93,186.85
2018-01-08,187.2,188.9,186.33,188.28
2018-01-09,188.7,188.8,187.1,187.87
2018-01-10,186.94,187.89,185.63,187.84
2018-01-11,188.4,188.4,187.38,187.77
2018-01-12,178.06,181.48,177.4,179.37
2018-01-15,179.37,179.37,179.37,179.37
2018-01-16,181.5,181.75,178.04,178.39
2018-01-17,179.26,179.32,175.8,177.6
2018-01-18,178.13,180.98,177.08,179.8
2018-01-19,180.85,182.37,180.1702,181.29
2018-01-22,180.8,185.39,180.41,185.37
2018-01-23,186.05,189.55,185.55,189.35
2018-01-24,189.89,190.66,186.52,186.55
2018-01-25,187.95,188.62,186.6,187.48
2018-01-26,187.75,190.0,186.81,190.0
2018-01-29,188.75,188.84,185.6301,185.98
2018-01-30,183.01,188.18,181.84,187.12
2018-01-31,188.37,189.83,185.22,186.89
2018-02-01,188.22,195.32,187.89,193.09
2018-02-02,192.04,194.21,189.98,190.28
2018-02-05,186.93,190.61,180.61,181.26
2018-02-06,178.57,185.77,177.74,185.31
2018-02-07,184.15,185.0817,179.95,180.18
2018-02-08,181.01,181.84,171.4815,171.58
2018-02-09,174.76,176.9,167.18,176.11
2018-02-12,177.06,177.545,171.84,176.41
2018-02-13,175.62,175.97,173.1,173.15
2018-02-14,173.45,179.81,173.2119,179.52
2018-02-15,180.5,180.5,176.84,179.96
2018-02-16,178.99,179.88,176.3,177.36
2018-02-19,177.36,177.36,177.36,177.36
2018-02-20,175.77,177.95,175.11,176.01
2018-02-21,176.71,181.27,176.4,177.91
2018-02-22,178.7,180.21,177.41,178.99
2018-02-23,179.9,183.39,179.51,183.29
2018-02-26,184.58,185.66,183.2228,184.93
2018-02-27,184.45,184.7,181.46,181.46
2018-02-28,182.3,182.88,178.14,178.32
2018-03-01,179.01,180.12,174.41,175.94
2018-03-02,173.29,177.11,172.99,176.62
2018-03-05,176.2,181.1475,175.89,180.4
2018-03-06,181.78,182.38,179.11,179.78
2018-03-07,178.74,183.82,178.07,183.71
2018-03-08,183.56,184.4,181.45,182.34
2018-03-09,183.91,185.51,183.21,185.23
2018-03-12,185.23,186.1,184.22,184.76
2018-03-13,185.61,185.99,181.11,181.88
2018-03-14,182.6,184.25,181.85,184.19
2018-03-15,183.24,184.0,182.19,183.86
2018-03-16,184.49,185.33,183.41,185.09
2018-03-19,177.01,177.17,170.06,172.56
2018-03-20,167.47,170.2,161.95,168.15
2018-03-21,164.8,173.4,163.3,169.39
2018-03-22,166.13,170.27,163.72,164.89
2018-03-23,165.44,167.1,159.02,159.39
2018-03-26,160.82,161.1,149.02,160.06
2018-03-27,156.31,162.85,150.75,152.22
2018-03-28,151.65,155.88,150.8,153.03
2018-03-29,155.15,161.42,154.14,159.79
2018-03-30,159.79,159.79,159.79,159.79
2018-04-02,157.81,159.2,154.111,155.39
2018-04-03,156.55,157.39,150.81,156.11
2018-04-04,152.025,155.56,150.51,155.1
2018-04-05,161.56,161.575,156.65,159.34
2018-04-06,157.73,161.42,156.81,157.2
2018-04-09,157.82,160.53,156.04,157.93
2018-04-10,157.93,165.98,157.01,165.04
2018-04-11,165.36,168.65,163.25,166.32
2018-04-12,166.98,167.45,163.1,163.87
2018-04-13,164.58,165.7036,163.77,164.52
2018-04-13,164.290371643,165.351147454,163.546990622,-3049232.73
2018-04-14,164.739268796,165.441132318,163.901063193,3665180.77
2018-04-15,165.070346044,166.335075091,164.214628447,-5953898.23
2018-04-16,165.328968929,165.54498912,164.25362473,-5830877.42531
2018-04-17,163.871045278,164.981440734,163.134325199,-13919500.4253
2018-04-18,162.989627289,164.920381959,163.105998049,-28324746.4253
2018-04-19,164.09621303,165.98129421,165.077876697,-29897863.8003
2018-04-20,166.37098019,168.107699926,167.374966274,-20609499.8003
2018-04-21,167.96658759,170.003424104,168.969559083,-21983949.0503
2018-04-22,168.000779224,171.090817745,169.775445471,-36070378.0503
2018-04-23,169.312376691,171.51487207,170.498405586,-29123040.0503
2018-04-24,169.241374938,170.513725515,169.848362932,-23784539.5503
2018-04-25,168.570178179,170.664099957,169.667727868,-32390418.5503
2018-04-26,168.538669636,170.805290322,169.867414857,-37683076.0503
2018-04-27,168.14711081,170.599023129,169.475033755,-42194188.0503
2018-04-28,169.00120162,170.990474786,169.817355002,-42335854.1753
2018-04-29,168.70306634,170.45308509,169.934524963,-44043808.9253
2018-04-30,167.884409895,169.589067425,169.293644676,-43946354.1206
2018-05-01,167.422425708,169.459341522,169.104793722,-49827672.1206
2018-05-02,167.356333142,169.386782485,168.995820577,-51604368.9956
2018-05-03,166.963553941,169.121284533,169.249044145,-54260912.7456
2018-05-04,166.920093985,169.587769556,169.103736023,-60408677.2456
2018-05-05,167.111928018,169.367728445,169.554600338,-59765737.8706
2018-05-06,168.091048391,170.132140669,169.999968211,-54285469.3706
2018-05-07,168.681780906,170.314859602,170.444574366,-45014853.3706
2018-05-08,169.260256143,171.804882738,171.775380502,-49531090.8706
2018-05-09,170.101898881,173.15927169,172.727210472,-45039511.8706
2018-05-10,170.211604142,171.360305283,171.446649025,-25343031.8706
2018-05-11,169.483966196,171.906893167,172.175482402,-46936089.8706
2018-05-12,168.989235634,172.156486723,171.247367809,-60883733.8706
2018-05-13,167.570142502,171.640953395,169.934390853,-71268079.8706
2018-05-14,167.955112511,171.572398912,170.939742873,-68668951.1206
2018-05-15,168.161829809,172.208803247,170.249401937,-75138394.1206
2018-05-16,167.538540283,172.156965218,169.966251025,-78995729.1206
2018-05-17,168.770308176,172.41212555,171.391908894,-69982716.1206
2018-05-18,169.029031375,172.570091046,170.602345298,-70536804.2456
2018-05-19,169.140927525,172.103888578,170.738343174,-61591339.2456
2018-05-20,169.281886177,172.428904212,169.932449872,-63288538.2456
2018-05-21,169.047780203,172.836114473,170.860882516,-65740630.4956
2018-05-22,170.110644149,174.017623968,171.791523332,-63348951.9956
2018-05-23,170.65217893,174.511414773,171.92865404,-62247385.1206
2018-05-24,170.454274924,174.26409281,171.891008152,-60950944.3706
2018-05-25,170.695570098,174.189189717,172.176180406,-60488145.0894
2018-05-26,170.679352233,173.928021952,171.47444634,-58622122.5894
2018-05-27,170.680892868,174.171859502,172.131693168,-61471658.3394
2018-05-28,171.004764809,174.361543133,172.706933482,-62658715.3394
2018-05-29,171.121393522,174.777444586,172.524284764,-62990772.4331
2018-05-30,170.692593893,174.198438331,172.076705112,-63767319.9956
2018-05-31,170.885554752,173.681809291,171.671513571,-56466754.9956
2018-06-01,171.484864971,174.220547959,172.298255695,-59112864.2456
2018-06-02,171.834950617,174.618125274,172.839942886,-64340451.7456
2018-06-03,171.949454909,174.079481437,172.240234388,-57836303.7456
2018-06-04,172.138101077,173.044145062,173.347972526,-43678495.7456
2018-06-05,172.497793412,175.074579194,173.633320613,-48690799.2456
2018-06-06,172.501769871,174.435690894,173.726878522,-46169561.9956
2018-06-07,172.741806508,174.664727732,173.749679646,-42661822.7456
2018-06-08,171.909674287,174.156027123,172.663874945,-48125685.2456
2018-06-09,171.196291865,173.851196512,172.361409953,-58729798.2456
2018-06-10,171.4971115,174.136389538,173.266991428,-61579670.4956
2018-06-11,172.402460457,174.779804035,173.595900974,-60810568.8081
2018-06-12,172.662800968,175.16077049,173.917729101,-66006026.3081
2018-06-13,172.359091223,176.081790223,173.489074609,-82558221.3081
2018-06-14,172.333227296,174.085322871,172.29033818,-64403519.3081
2018-06-15,171.74072649,175.53460516,172.383601128,-90443333.3081
2018-06-16,170.937384744,173.073974504,170.163051067,-75865530.3081
2018-06-17,171.705214877,173.404841467,171.931855737,-78452781.0581
2018-06-18,172.186123003,175.041258141,172.257008641,-86250738.5581
2018-06-19,173.131211986,175.252006038,173.174650221,-78388058.0581
2018-06-20,174.093512942,176.143952414,173.889591365,-70280947.0581
2018-06-21,174.710709084,176.626096263,174.366029529,-68108056.0581
2018-06-22,174.031729151,176.593383289,174.21217653,-75051013.5581
2018-06-23,174.323495974,176.390982754,174.43892677,-72156996.0581
2018-06-24,174.245890167,176.765629924,174.621375723,-74968113.8081
2018-06-25,174.541753825,177.400791801,175.274180336,-72328807.8081
2018-06-26,174.680483428,177.627393625,175.455145581,-70071370.0581
2018-06-27,175.192274478,178.45264288,175.873621984,-69608769.6831
2018-06-28,174.004518059,176.846167169,173.890519185,-65618795.1831
2018-06-29,173.767069754,176.35147076,173.944905976,-66748982.8081
2018-06-30,173.317449328,175.632714323,172.87763987,-65883782.9331
2018-07-01,173.573708382,176.378360919,173.336250077,-69148739.4331
2018-07-02,173.529238526,176.432338513,173.066051404,-65432631.9331
2018-07-03,173.650221933,176.901022381,173.590937296,-68696624.4331
2018-07-04,174.209610034,177.12664581,174.09358869,-67267702.5581
2018-07-05,175.291683604,178.575537927,175.511682967,-69996140.0581
2018-07-06,176.318728973,180.47026015,176.823208193,-87358338.0581
2018-07-07,176.843396415,180.880182661,177.291575531,-85127996.3081
2018-07-08,177.296949823,180.686804853,177.549592177,-80110501.3081
2018-07-09,177.679104914,180.443547584,177.722557078,-76785166.5581
2018-07-10,178.722576488,182.05599711,178.994363437,-82736022.5581
