Open,High,Low,Close,Volume,ticker,date
1588.839966,1588.839966,1552.280029,1552.359985,4660130000,SP,4/15/13
1552.359985,1575.349976,1552.359985,1574.569946,3654700000,SP,4/16/13
1574.569946,1574.569946,1543.689941,1552.01001,4250310000,SP,4/17/13
1552.030029,1554.380005,1536.030029,1541.609985,3890800000,SP,4/18/13
1541.609985,1555.890015,1539.400024,1555.25,3569870000,SP,4/19/13
1555.25,1565.550049,1548.189941,1562.5,2979880000,SP,4/22/13
1562.5,1579.579956,1562.5,1578.780029,3565150000,SP,4/23/13
1578.780029,1583,1575.800049,1578.790039,3598240000,SP,4/24/13
1578.930054,1592.640015,1578.930054,1585.160034,3908580000,SP,4/25/13
1585.160034,1585.780029,1577.560059,1582.23999,3198620000,SP,4/26/13
1582.339966,1596.650024,1582.339966,1593.609985,2891200000,SP,4/29/13
1593.579956,1597.569946,1586.5,1597.569946,3745070000,SP,4/30/13
1597.550049,1597.550049,1581.280029,1582.699951,3530320000,SP,5/1/13
1582.77002,1598.599976,1582.77002,1597.589966,3366950000,SP,5/2/13
1597.599976,1618.459961,1597.599976,1614.420044,3603910000,SP,5/3/13
1614.400024,1619.77002,1614.209961,1617.5,3062240000,SP,5/6/13
1617.550049,1626.030029,1616.640015,1625.959961,3309580000,SP,5/7/13
1625.949951,1632.780029,1622.699951,1632.689941,3554700000,SP,5/8/13
1632.689941,1635.01001,1623.089966,1626.670044,3457400000,SP,5/9/13
1626.689941,1633.699951,1623.709961,1633.699951,3086470000,SP,5/10/13
1632.099976,1636,1626.73999,1633.77002,2910600000,SP,5/13/13
1633.75,1651.099976,1633.75,1650.339966,3457790000,SP,5/14/13
1649.130005,1661.48999,1646.680054,1658.780029,3657440000,SP,5/15/13
1658.069946,1660.51001,1648.599976,1650.469971,3513130000,SP,5/16/13
1652.449951,1667.469971,1652.449951,1667.469971,3440710000,SP,5/17/13
1665.709961,1672.839966,1663.52002,1666.290039,3275080000,SP,5/20/13
1666.199951,1674.930054,1662.670044,1669.160034,3513560000,SP,5/21/13
1669.390015,1687.180054,1648.859985,1655.349976,4361020000,SP,5/22/13
1651.619995,1655.5,1635.530029,1650.51001,3945510000,SP,5/23/13
1646.670044,1649.780029,1636.880005,1649.599976,2758080000,SP,5/24/13
1652.630005,1674.209961,1652.630005,1660.060059,3457400000,SP,5/28/13
1656.569946,1656.569946,1640.050049,1648.359985,3587140000,SP,5/29/13
1649.140015,1661.910034,1648.609985,1654.410034,3498620000,SP,5/30/13
1652.130005,1658.98999,1630.73999,1630.73999,4099600000,SP,5/31/13
1631.709961,1640.420044,1622.719971,1640.420044,3952070000,SP,6/3/13
1640.72998,1646.530029,1623.619995,1631.380005,3653840000,SP,6/4/13
1629.050049,1629.310059,1607.089966,1608.900024,3632350000,SP,6/5/13
1609.290039,1622.560059,1598.22998,1622.560059,3547380000,SP,6/6/13
1625.27002,1644.400024,1625.27002,1643.380005,3371990000,SP,6/7/13
1644.670044,1648.689941,1639.26001,1642.810059,2978730000,SP,6/10/13
1638.640015,1640.130005,1622.920044,1626.130005,3435710000,SP,6/11/13
1629.939941,1637.709961,1610.920044,1612.52002,3202550000,SP,6/12/13
1612.150024,1639.25,1608.069946,1636.359985,3378620000,SP,6/13/13
1635.52002,1640.800049,1623.959961,1626.72998,2939400000,SP,6/14/13
1630.640015,1646.5,1630.339966,1639.040039,3137080000,SP,6/17/13
1639.77002,1654.189941,1639.77002,1651.810059,3120980000,SP,6/18/13
1651.829956,1652.449951,1628.910034,1628.930054,3545060000,SP,6/19/13
1624.619995,1624.619995,1584.319946,1588.189941,4858850000,SP,6/20/13
1588.619995,1599.189941,1577.699951,1592.430054,5797280000,SP,6/21/13
1588.77002,1588.77002,1560.329956,1573.089966,4733660000,SP,6/24/13
1577.52002,1593.790039,1577.089966,1588.030029,3761170000,SP,6/25/13
1592.27002,1606.829956,1592.27002,1603.26001,3558340000,SP,6/26/13
1606.439941,1620.069946,1606.439941,1613.199951,3364540000,SP,6/27/13
1611.119995,1615.939941,1601.060059,1606.280029,4977190000,SP,6/28/13
1609.780029,1626.609985,1609.780029,1614.959961,3104690000,SP,7/1/13
1614.290039,1624.26001,1606.77002,1614.079956,3317130000,SP,7/2/13
1611.47998,1618.969971,1604.569946,1615.410034,1966050000,SP,7/3/13
1618.650024,1632.069946,1614.709961,1631.890015,2634140000,SP,7/5/13
1634.199951,1644.680054,1634.199951,1640.459961,3514590000,SP,7/8/13
1642.890015,1654.180054,1642.890015,1652.319946,3155360000,SP,7/9/13
1651.560059,1657.920044,1647.660034,1652.619995,3011010000,SP,7/10/13
1657.410034,1676.630005,1657.410034,1675.02002,3446340000,SP,7/11/13
1675.26001,1680.189941,1672.329956,1680.189941,3039070000,SP,7/12/13
1679.589966,1684.51001,1677.890015,1682.5,2623200000,SP,7/15/13
1682.699951,1683.72998,1671.839966,1676.26001,3081710000,SP,7/16/13
1677.910034,1684.75,1677.910034,1680.910034,3153440000,SP,7/17/13
1681.050049,1693.119995,1681.050049,1689.369995,3452370000,SP,7/18/13
1686.150024,1692.089966,1684.079956,1692.089966,3302580000,SP,7/19/13
1694.410034,1697.609985,1690.670044,1695.530029,2779130000,SP,7/22/13
1696.630005,1698.780029,1691.130005,1692.390015,3096180000,SP,7/23/13
1696.060059,1698.380005,1682.569946,1685.939941,3336120000,SP,7/24/13
1685.209961,1690.939941,1680.069946,1690.25,3322500000,SP,7/25/13
1687.310059,1691.849976,1676.030029,1691.650024,2762770000,SP,7/26/13
1690.319946,1690.920044,1681.859985,1685.329956,2840520000,SP,7/29/13
1687.920044,1693.189941,1682.420044,1685.959961,3320530000,SP,7/30/13
1687.76001,1698.430054,1684.939941,1685.72998,3847390000,SP,7/31/13
1689.420044,1707.849976,1689.420044,1706.869995,3775170000,SP,8/1/13
1706.099976,1709.670044,1700.680054,1709.670044,3136630000,SP,8/2/13
1708.01001,1709.23999,1703.550049,1707.140015,2529300000,SP,8/5/13
1705.790039,1705.790039,1693.290039,1697.369995,3141210000,SP,8/6/13
1695.300049,1695.300049,1684.910034,1690.910034,3010230000,SP,8/7/13
1693.349976,1700.180054,1688.380005,1697.47998,3271660000,SP,8/8/13
1696.099976,1699.420044,1686.02002,1691.420044,2957670000,SP,8/9/13
1688.369995,1691.48999,1683.349976,1689.469971,2789160000,SP,8/12/13
1690.650024,1696.810059,1682.619995,1694.160034,3035560000,SP,8/13/13
1693.880005,1695.52002,1684.829956,1685.390015,2871430000,SP,8/14/13
1679.609985,1679.609985,1658.589966,1661.319946,3426690000,SP,8/15/13
1661.219971,1663.599976,1652.609985,1655.829956,3211450000,SP,8/16/13
1655.25,1659.180054,1645.839966,1646.060059,2904530000,SP,8/19/13
1646.810059,1658.920044,1646.079956,1652.349976,2994090000,SP,8/20/13
1650.660034,1656.98999,1639.430054,1642.800049,2932180000,SP,8/21/13
1645.030029,1659.550049,1645.030029,1656.959961,2537460000,SP,8/22/13
1659.920044,1664.849976,1654.810059,1663.5,2582670000,SP,8/23/13
1664.290039,1669.51001,1656.02002,1656.780029,2430670000,SP,8/26/13
1652.540039,1652.540039,1629.050049,1630.47998,3219190000,SP,8/27/13
1630.25,1641.180054,1627.469971,1634.959961,2784010000,SP,8/28/13
1633.5,1646.410034,1630.880005,1638.170044,2527550000,SP,8/29/13
1638.890015,1640.079956,1628.050049,1632.969971,2734300000,SP,8/30/13
1635.949951,1651.349976,1633.410034,1639.77002,3731610000,SP,9/3/13
1640.719971,1655.719971,1637.410034,1653.079956,3312150000,SP,9/4/13
1653.280029,1659.170044,1653.069946,1655.079956,2957110000,SP,9/5/13
1657.439941,1664.829956,1640.619995,1655.170044,3123880000,SP,9/6/13
1656.849976,1672.400024,1656.849976,1671.709961,3102780000,SP,9/9/13
1675.109985,1684.089966,1675.109985,1683.98999,3691800000,SP,9/10/13
1681.040039,1689.130005,1678.699951,1689.130005,3135460000,SP,9/11/13
1689.209961,1689.969971,1681.959961,1683.420044,3106290000,SP,9/12/13
1685.040039,1688.72998,1682.219971,1687.98999,2736500000,SP,9/13/13
1691.699951,1704.949951,1691.699951,1697.599976,3079800000,SP,9/16/13
1697.72998,1705.52002,1697.72998,1704.76001,2774240000,SP,9/17/13
1705.73999,1729.439941,1700.349976,1725.52002,3989760000,SP,9/18/13
1727.339966,1729.859985,1720.199951,1722.339966,3740130000,SP,9/19/13
1722.439941,1725.22998,1708.890015,1709.910034,5074030000,SP,9/20/13
1711.439941,1711.439941,1697.099976,1701.839966,3126950000,SP,9/23/13
1702.599976,1707.630005,1694.900024,1697.420044,3268930000,SP,9/24/13
1698.02002,1701.709961,1691.880005,1692.77002,3148730000,SP,9/25/13
1694.050049,1703.849976,1693.109985,1698.670044,2813930000,SP,9/26/13
1695.52002,1695.52002,1687.109985,1691.75,2951700000,SP,9/27/13
1687.26001,1687.26001,1674.98999,1681.550049,3308630000,SP,9/30/13
1682.410034,1696.550049,1682.069946,1695,3238690000,SP,10/1/13
1691.900024,1693.869995,1680.339966,1693.869995,3148600000,SP,10/2/13
1692.349976,1692.349976,1670.359985,1678.660034,3279650000,SP,10/3/13
1678.790039,1691.939941,1677.329956,1690.5,2880270000,SP,10/4/13
1687.150024,1687.150024,1674.699951,1676.119995,2678490000,SP,10/7/13
1676.219971,1676.790039,1655.030029,1655.449951,3569230000,SP,10/8/13
1656.98999,1662.469971,1646.469971,1656.400024,3577840000,SP,10/9/13
1660.880005,1692.560059,1660.880005,1692.560059,3362300000,SP,10/10/13
1691.089966,1703.439941,1688.52002,1703.199951,2944670000,SP,10/11/13
1699.859985,1711.030029,1692.130005,1710.140015,2580580000,SP,10/14/13
1709.170044,1711.569946,1695.930054,1698.060059,3327740000,SP,10/15/13
1700.48999,1721.76001,1700.48999,1721.540039,3486180000,SP,10/16/13
1720.170044,1733.449951,1714.119995,1733.150024,3453590000,SP,10/17/13
1736.719971,1745.310059,1735.73999,1744.5,3664890000,SP,10/18/13
1745.199951,1747.790039,1740.670044,1744.660034,3052710000,SP,10/21/13
1746.47998,1759.329956,1746.47998,1754.670044,3850840000,SP,10/22/13
1752.27002,1752.27002,1740.5,1746.380005,3713380000,SP,10/23/13
1747.47998,1753.939941,1745.5,1752.069946,3671700000,SP,10/24/13
1756.01001,1759.819946,1752.449951,1759.77002,3175720000,SP,10/25/13
1759.420044,1764.98999,1757.670044,1762.109985,3282300000,SP,10/28/13
1762.930054,1772.089966,1762.930054,1771.949951,3358460000,SP,10/29/13
1772.27002,1775.219971,1757.23999,1763.310059,3523040000,SP,10/30/13
1763.23999,1768.530029,1755.719971,1756.540039,3826530000,SP,10/31/13
1758.699951,1765.670044,1752.699951,1761.640015,3686290000,SP,11/1/13
1763.400024,1768.780029,1761.560059,1767.930054,3194870000,SP,11/4/13
1765.670044,1767.030029,1755.76001,1762.969971,3516680000,SP,11/5/13
1765,1773.73999,1764.400024,1770.48999,3322100000,SP,11/6/13
1770.73999,1774.540039,1746.199951,1747.150024,4143200000,SP,11/7/13
1748.369995,1770.780029,1747.630005,1770.609985,3837170000,SP,11/8/13
1769.959961,1773.439941,1767.849976,1771.890015,2534060000,SP,11/11/13
1769.51001,1771.780029,1762.290039,1767.689941,3221030000,SP,11/12/13
1764.369995,1782,1760.640015,1782,3327480000,SP,11/13/13
1782.75,1791.530029,1780.219971,1790.619995,3139060000,SP,11/14/13
1790.660034,1798.219971,1790.660034,1798.180054,3254820000,SP,11/15/13
1798.819946,1802.329956,1788,1791.530029,3168520000,SP,11/18/13
1790.790039,1795.51001,1784.719971,1787.869995,3224450000,SP,11/19/13
1789.589966,1795.72998,1777.22998,1781.369995,3109140000,SP,11/20/13
1783.52002,1797.160034,1783.52002,1795.849976,3256630000,SP,11/21/13
1797.209961,1804.839966,1794.699951,1804.76001,3055140000,SP,11/22/13
1806.329956,1808.099976,1800.579956,1802.47998,2998540000,SP,11/25/13
1802.869995,1808.420044,1800.77002,1802.75,3427120000,SP,11/26/13
1803.47998,1808.27002,1802.77002,1807.22998,2613590000,SP,11/27/13
1808.689941,1813.550049,1803.97998,1805.810059,1598300000,SP,11/29/13
1806.550049,1810.02002,1798.599976,1800.900024,3095430000,SP,12/2/13
1800.099976,1800.099976,1787.849976,1795.150024,3475680000,SP,12/3/13
1793.150024,1799.800049,1779.089966,1792.810059,3610540000,SP,12/4/13
1792.819946,1792.819946,1783.380005,1785.030029,3336880000,SP,12/5/13
1788.359985,1806.040039,1788.359985,1805.089966,3150030000,SP,12/6/13
1806.209961,1811.52002,1806.209961,1808.369995,3129500000,SP,12/9/13
1807.599976,1808.52002,1801.75,1802.619995,3117150000,SP,12/10/13
1802.76001,1802.969971,1780.089966,1782.219971,3472240000,SP,12/11/13
1781.709961,1782.98999,1772.280029,1775.5,3306640000,SP,12/12/13
1777.97998,1780.920044,1772.449951,1775.319946,3061070000,SP,12/13/13
1777.47998,1792.219971,1777.47998,1786.540039,3209890000,SP,12/16/13
1786.469971,1786.77002,1777.050049,1781,3270030000,SP,12/17/13
1781.459961,1811.079956,1767.98999,1810.650024,4327770000,SP,12/18/13
1809,1810.880005,1801.349976,1809.599976,3497210000,SP,12/19/13
1810.390015,1823.75,1810.25,1818.319946,5097700000,SP,12/20/13
1822.920044,1829.75,1822.920044,1827.98999,2851540000,SP,12/23/13
1828.02002,1833.319946,1828.02002,1833.319946,1307630000,SP,12/24/13
1834.959961,1842.839966,1834.959961,1842.02002,1982270000,SP,12/26/13
1842.969971,1844.890015,1839.810059,1841.400024,2052920000,SP,12/27/13
1841.469971,1842.469971,1838.77002,1841.069946,2293860000,SP,12/30/13
1842.609985,1849.439941,1842.410034,1848.359985,2312840000,SP,12/31/13
1845.859985,1845.859985,1827.73999,1831.97998,3080600000,SP,1/2/14
1833.209961,1838.23999,1829.130005,1831.369995,2774270000,SP,1/3/14
1832.310059,1837.160034,1823.72998,1826.77002,3294850000,SP,1/6/14
1828.709961,1840.099976,1828.709961,1837.880005,3511750000,SP,1/7/14
1837.900024,1840.02002,1831.400024,1837.48999,3652140000,SP,1/8/14
1839,1843.22998,1830.380005,1838.130005,3581150000,SP,1/9/14
1840.060059,1843.150024,1832.430054,1842.369995,3335710000,SP,1/10/14
1841.26001,1843.449951,1815.52002,1819.199951,3591350000,SP,1/13/14
1821.359985,1839.26001,1821.359985,1838.880005,3353270000,SP,1/14/14
1840.52002,1850.839966,1840.52002,1848.380005,3777800000,SP,1/15/14
1847.98999,1847.98999,1840.300049,1845.890015,3491310000,SP,1/16/14
1844.22998,1846.040039,1835.22998,1838.699951,3626120000,SP,1/17/14
1841.050049,1849.310059,1832.380005,1843.800049,3782470000,SP,1/21/14
1844.709961,1846.869995,1840.880005,1844.859985,3374170000,SP,1/22/14
1842.290039,1842.290039,1820.060059,1828.459961,3972250000,SP,1/23/14
1826.959961,1826.959961,1790.290039,1790.290039,4618450000,SP,1/24/14
1791.030029,1795.97998,1772.880005,1781.560059,4045200000,SP,1/27/14
1783,1793.869995,1779.48999,1792.5,3437830000,SP,1/28/14
1790.150024,1790.150024,1770.449951,1774.199951,3964020000,SP,1/29/14
1777.170044,1798.77002,1777.170044,1794.189941,3547510000,SP,1/30/14
1790.880005,1793.880005,1772.26001,1782.589966,4059690000,SP,1/31/14
1782.680054,1784.829956,1739.660034,1741.890015,4726040000,SP,2/3/14
1743.819946,1758.72998,1743.819946,1755.199951,4068410000,SP,2/4/14
1753.380005,1755.790039,1737.920044,1751.640015,3984290000,SP,2/5/14
1752.98999,1774.060059,1752.98999,1773.430054,3825410000,SP,2/6/14
1776.01001,1798.030029,1776.01001,1797.02002,3775990000,SP,2/7/14
1796.199951,1799.939941,1791.829956,1799.839966,3312160000,SP,2/10/14
1800.449951,1823.540039,1800.410034,1819.75,3699380000,SP,2/11/14
1820.119995,1826.550049,1815.969971,1819.26001,3326380000,SP,2/12/14
1814.819946,1830.25,1809.219971,1829.829956,3289510000,SP,2/13/14
1828.459961,1841.650024,1825.589966,1838.630005,3114750000,SP,2/14/14
1839.030029,1842.869995,1835.01001,1840.76001,3421110000,SP,2/18/14
1838.900024,1847.5,1826.98999,1828.75,3661570000,SP,2/19/14
1829.23999,1842.790039,1824.579956,1839.780029,3404980000,SP,2/20/14
1841.069946,1846.130005,1835.599976,1836.25,3403880000,SP,2/21/14
1836.780029,1858.709961,1836.780029,1847.609985,4014530000,SP,2/24/14
1847.660034,1852.910034,1840.189941,1845.119995,3515560000,SP,2/25/14
1845.790039,1852.650024,1840.660034,1845.160034,3716730000,SP,2/26/14
1844.900024,1854.530029,1841.130005,1854.290039,3547460000,SP,2/27/14
1855.119995,1867.920044,1847.670044,1859.449951,3917450000,SP,2/28/14
1857.680054,1857.680054,1834.439941,1845.72998,3428220000,SP,3/3/14
1849.22998,1876.22998,1849.22998,1873.910034,3765770000,SP,3/4/14
1874.050049,1876.530029,1871.109985,1873.810059,3392990000,SP,3/5/14
1874.180054,1881.939941,1874.180054,1877.030029,3360450000,SP,3/6/14
1878.52002,1883.569946,1870.560059,1878.040039,3564740000,SP,3/7/14
1877.859985,1877.869995,1867.040039,1877.170044,3021350000,SP,3/10/14
1878.26001,1882.349976,1863.880005,1867.630005,3392400000,SP,3/11/14
1866.150024,1868.380005,1854.380005,1868.199951,3270860000,SP,3/12/14
1869.060059,1874.400024,1841.859985,1846.339966,3670990000,SP,3/13/14
1845.069946,1852.439941,1839.569946,1841.130005,3285460000,SP,3/14/14
1842.810059,1862.300049,1842.810059,1858.829956,2860490000,SP,3/17/14
1858.920044,1873.76001,1858.920044,1872.25,2930190000,SP,3/18/14
1872.25,1874.140015,1850.349976,1860.77002,3289210000,SP,3/19/14
1860.089966,1873.48999,1854.630005,1872.01001,3327540000,SP,3/20/14
1874.530029,1883.969971,1863.459961,1866.52002,5270710000,SP,3/21/14
1867.670044,1873.339966,1849.689941,1857.439941,3409000000,SP,3/24/14
1859.47998,1871.869995,1855.959961,1865.619995,3200560000,SP,3/25/14
1867.089966,1875.920044,1852.560059,1852.560059,3480850000,SP,3/26/14
1852.109985,1855.550049,1842.109985,1849.040039,3733430000,SP,3/27/14
1850.069946,1866.630005,1850.069946,1857.619995,2955520000,SP,3/28/14
1859.160034,1875.180054,1859.160034,1872.339966,3274300000,SP,3/31/14
1873.959961,1885.839966,1873.959961,1885.52002,3336190000,SP,4/1/14
1886.609985,1893.170044,1883.790039,1890.900024,3131660000,SP,4/2/14
1891.430054,1893.800049,1882.650024,1888.77002,3055600000,SP,4/3/14
1890.25,1897.280029,1863.26001,1865.089966,3583750000,SP,4/4/14
1863.920044,1864.040039,1841.47998,1845.040039,3801540000,SP,4/7/14
1845.47998,1854.949951,1837.48999,1851.959961,3721450000,SP,4/8/14
1852.640015,1872.430054,1852.380005,1872.180054,3308650000,SP,4/9/14
1872.280029,1872.530029,1830.869995,1833.079956,3758780000,SP,4/10/14
1830.650024,1835.069946,1814.359985,1815.689941,3743460000,SP,4/11/14
1818.180054,1834.189941,1815.800049,1830.609985,3111540000,SP,4/14/14
1831.449951,1844.02002,1816.290039,1842.97998,3736440000,SP,4/15/14
1846.01001,1862.310059,1846.01001,1862.310059,3155080000,SP,4/16/14
1861.72998,1869.630005,1856.719971,1864.849976,3341430000,SP,4/17/14
1865.790039,1871.890015,1863.180054,1871.890015,2642500000,SP,4/21/14
1872.569946,1884.890015,1872.569946,1879.550049,3215440000,SP,4/22/14
1879.319946,1879.75,1873.910034,1875.390015,3085720000,SP,4/23/14
1881.969971,1884.060059,1870.23999,1878.609985,3191830000,SP,4/24/14
1877.719971,1877.719971,1859.699951,1863.400024,3213020000,SP,4/25/14
1865,1877.01001,1850.609985,1869.430054,4034680000,SP,4/28/14
1870.780029,1880.599976,1870.780029,1878.329956,3647820000,SP,4/29/14
1877.099976,1885.199951,1872.689941,1883.949951,3779230000,SP,4/30/14
1884.390015,1888.589966,1878.040039,1883.680054,3416740000,SP,5/1/14
1885.300049,1891.329956,1878.5,1881.140015,3159560000,SP,5/2/14
1879.449951,1885.51001,1866.77002,1884.660034,2733730000,SP,5/5/14
1883.689941,1883.689941,1867.719971,1867.719971,3327260000,SP,5/6/14
1868.530029,1878.829956,1859.790039,1878.209961,3632950000,SP,5/7/14
1877.390015,1889.069946,1870.050049,1875.630005,3393420000,SP,5/8/14
1875.27002,1878.569946,1867.02002,1878.47998,3025020000,SP,5/9/14
1880.030029,1897.130005,1880.030029,1896.650024,3005740000,SP,5/12/14
1896.75,1902.170044,1896.060059,1897.449951,2915680000,SP,5/13/14
1897.130005,1897.130005,1885.77002,1888.530029,2822060000,SP,5/14/14
1888.160034,1888.160034,1862.359985,1870.849976,3552640000,SP,5/15/14
1871.189941,1878.280029,1864.819946,1877.859985,3173650000,SP,5/16/14
1876.660034,1886,1872.420044,1885.079956,2664250000,SP,5/19/14
1884.880005,1884.880005,1868.140015,1872.829956,3007700000,SP,5/20/14
1873.339966,1888.800049,1873.339966,1888.030029,2777140000,SP,5/21/14
1888.189941,1896.329956,1885.390015,1892.48999,2759800000,SP,5/22/14
1893.319946,1901.26001,1893.319946,1900.530029,2396280000,SP,5/23/14
1902.01001,1912.280029,1902.01001,1911.910034,2911020000,SP,5/27/14
1911.77002,1914.459961,1907.300049,1909.780029,2976450000,SP,5/28/14
1910.599976,1920.030029,1909.819946,1920.030029,2709050000,SP,5/29/14
1920.329956,1924.030029,1916.640015,1923.569946,3263490000,SP,5/30/14
1923.869995,1925.880005,1915.97998,1924.969971,2509020000,SP,6/2/14
1923.069946,1925.069946,1918.790039,1924.23999,2867180000,SP,6/3/14
1923.060059,1928.630005,1918.599976,1927.880005,2793920000,SP,6/4/14
1928.52002,1941.73999,1922.930054,1940.459961,3113270000,SP,6/5/14
1942.410034,1949.439941,1942.410034,1949.439941,2864300000,SP,6/6/14
1948.969971,1955.550049,1947.160034,1951.27002,2812180000,SP,6/9/14
1950.339966,1950.859985,1944.640015,1950.790039,2702360000,SP,6/10/14
1949.369995,1949.369995,1940.079956,1943.890015,2710620000,SP,6/11/14
1943.349976,1943.349976,1925.780029,1930.109985,3040480000,SP,6/12/14
1930.800049,1937.300049,1927.689941,1936.160034,2598230000,SP,6/13/14
1934.839966,1941.150024,1930.910034,1937.780029,2926130000,SP,6/16/14
1937.150024,1943.689941,1933.550049,1941.98999,2971260000,SP,6/17/14
1942.72998,1957.73999,1939.290039,1956.97998,3065220000,SP,6/18/14
1957.5,1959.869995,1952.26001,1959.47998,2952150000,SP,6/19/14
1960.449951,1963.910034,1959.170044,1962.869995,4336240000,SP,6/20/14
1962.920044,1963.73999,1958.890015,1962.609985,2717630000,SP,6/23/14
1961.969971,1968.170044,1948.339966,1949.97998,3089700000,SP,6/24/14
1949.27002,1960.829956,1947.48999,1959.530029,3106710000,SP,6/25/14
1959.890015,1959.890015,1944.689941,1957.219971,2778840000,SP,6/26/14
1956.560059,1961.469971,1952.180054,1960.959961,4290590000,SP,6/27/14
1960.790039,1964.23999,1958.219971,1960.22998,3037350000,SP,6/30/14
1962.290039,1978.579956,1962.290039,1973.319946,3188240000,SP,7/1/14
1973.060059,1976.670044,1972.579956,1974.619995,2851480000,SP,7/2/14
1975.880005,1985.589966,1975.880005,1985.439941,1998090000,SP,7/3/14
1984.219971,1984.219971,1974.880005,1977.650024,2681260000,SP,7/7/14
1976.390015,1976.390015,1959.459961,1963.709961,3302430000,SP,7/8/14
1965.099976,1974.150024,1965.099976,1972.829956,2858800000,SP,7/9/14
1966.670044,1969.839966,1952.859985,1964.680054,3165690000,SP,7/10/14
1965.76001,1968.670044,1959.630005,1967.569946,2684630000,SP,7/11/14
1969.859985,1979.849976,1969.859985,1977.099976,2744920000,SP,7/14/14
1977.359985,1982.52002,1965.339966,1973.280029,3328740000,SP,7/15/14
1976.349976,1983.939941,1975.670044,1981.569946,3390950000,SP,7/16/14
1979.75,1981.800049,1955.589966,1958.119995,3381680000,SP,7/17/14
1961.540039,1979.910034,1960.819946,1978.219971,3106060000,SP,7/18/14
1976.930054,1976.930054,1965.77002,1973.630005,2611160000,SP,7/21/14
1975.650024,1986.23999,1975.650024,1983.530029,2890480000,SP,7/22/14
1985.319946,1989.22998,1982.439941,1987.01001,2869720000,SP,7/23/14
1988.069946,1991.390015,1985.790039,1987.97998,3203530000,SP,7/24/14
1984.599976,1984.599976,1974.369995,1978.339966,2638960000,SP,7/25/14
1978.25,1981.52002,1967.310059,1978.910034,2803320000,SP,7/28/14
1980.030029,1984.849976,1969.949951,1969.949951,3183300000,SP,7/29/14
1973.209961,1978.900024,1962.420044,1970.069946,3448250000,SP,7/30/14
1965.140015,1965.140015,1930.670044,1930.670044,4193000000,SP,7/31/14
1929.800049,1937.349976,1916.369995,1925.150024,3789660000,SP,8/1/14
1926.619995,1942.920044,1921.199951,1938.98999,3072920000,SP,8/4/14
1936.339966,1936.339966,1913.77002,1920.209961,3462520000,SP,8/5/14
1917.290039,1927.910034,1911.449951,1920.23999,3539150000,SP,8/6/14
1923.030029,1928.890015,1904.780029,1909.569946,3230520000,SP,8/7/14
1910.349976,1932.380005,1909.01001,1931.589966,2902280000,SP,8/8/14
1933.430054,1944.900024,1933.430054,1936.920044,2784890000,SP,8/11/14
1935.72998,1939.650024,1928.290039,1933.75,2611700000,SP,8/12/14
1935.599976,1948.410034,1935.599976,1946.719971,2718020000,SP,8/13/14
1947.410034,1955.22998,1947.410034,1955.180054,2609460000,SP,8/14/14
1958.869995,1964.040039,1941.5,1955.060059,3023380000,SP,8/15/14
1958.359985,1971.98999,1958.359985,1971.73999,2638160000,SP,8/18/14
1972.72998,1982.569946,1972.72998,1981.599976,2656430000,SP,8/19/14
1980.459961,1988.569946,1977.680054,1986.51001,2579560000,SP,8/20/14
1986.819946,1994.76001,1986.819946,1992.369995,2638920000,SP,8/21/14
1992.599976,1993.540039,1984.76001,1988.400024,2301860000,SP,8/22/14
1991.73999,2001.949951,1991.73999,1997.920044,2233880000,SP,8/25/14
1998.589966,2005.040039,1998.589966,2000.02002,2451950000,SP,8/26/14
2000.540039,2002.140015,1996.199951,2000.119995,2344350000,SP,8/27/14
1997.420044,1998.550049,1990.52002,1996.73999,2282400000,SP,8/28/14
1998.449951,2003.380005,1994.650024,2003.369995,2259130000,SP,8/29/14
2004.069946,2006.119995,1994.849976,2002.280029,2819980000,SP,9/2/14
2003.569946,2009.280029,1998.140015,2000.719971,2809980000,SP,9/3/14
2001.670044,2011.170044,1992.540039,1997.650024,3072410000,SP,9/4/14
1998,2007.709961,1990.099976,2007.709961,2818300000,SP,9/5/14
2007.170044,2007.170044,1995.599976,2001.540039,2789090000,SP,9/8/14
2000.72998,2001.01001,1984.609985,1988.439941,2882830000,SP,9/9/14
1988.410034,1996.660034,1982.98999,1995.689941,2912430000,SP,9/10/14
1992.849976,1997.650024,1985.930054,1997.449951,2941690000,SP,9/11/14
1996.73999,1996.73999,1980.26001,1985.540039,3206570000,SP,9/12/14
1986.040039,1987.180054,1978.47998,1984.130005,2776530000,SP,9/15/14
1981.930054,2002.280029,1979.060059,1998.97998,3160310000,SP,9/16/14
1999.300049,2010.73999,1993.290039,2001.569946,3209420000,SP,9/17/14
2003.069946,2012.339966,2003.069946,2011.359985,3235340000,SP,9/18/14
2012.73999,2019.26001,2006.589966,2010.400024,4880220000,SP,9/19/14
2009.079956,2009.079956,1991.01001,1994.290039,3349670000,SP,9/22/14
1992.780029,1995.410034,1982.77002,1982.77002,3279350000,SP,9/23/14
1983.339966,1999.790039,1978.630005,1998.300049,3313850000,SP,9/24/14
1997.319946,1997.319946,1965.98999,1965.98999,3273050000,SP,9/25/14
1966.219971,1986.369995,1966.219971,1982.849976,2929440000,SP,9/26/14
1978.959961,1981.280029,1964.040039,1977.800049,3094440000,SP,9/29/14
1978.209961,1985.170044,1968.959961,1972.290039,3951100000,SP,9/30/14
1971.439941,1971.439941,1941.719971,1946.160034,4188590000,SP,10/1/14
1945.829956,1952.319946,1926.030029,1946.170044,4012510000,SP,10/2/14
1948.119995,1971.189941,1948.119995,1967.900024,3560970000,SP,10/3/14
1970.01001,1977.839966,1958.430054,1964.819946,3358220000,SP,10/6/14
1962.359985,1962.359985,1934.869995,1935.099976,3687870000,SP,10/7/14
1935.550049,1970.359985,1925.25,1968.890015,4441890000,SP,10/8/14
1967.680054,1967.680054,1927.560059,1928.209961,4344020000,SP,10/9/14
1925.630005,1936.97998,1906.050049,1906.130005,4550540000,SP,10/10/14
1905.650024,1912.089966,1874.140015,1874.73999,4352580000,SP,10/13/14
1877.109985,1898.709961,1871.790039,1877.699951,4812010000,SP,10/14/14
1874.180054,1874.180054,1820.660034,1862.48999,6090800000,SP,10/15/14
1855.949951,1876.01001,1835.02002,1862.76001,5073150000,SP,10/16/14
1864.910034,1898.160034,1864.910034,1886.76001,4482120000,SP,10/17/14
1885.619995,1905.030029,1882.300049,1904.01001,3331210000,SP,10/20/14
1909.380005,1942.449951,1909.380005,1941.280029,3987090000,SP,10/21/14
1941.290039,1949.310059,1926.829956,1927.109985,3761930000,SP,10/22/14
1931.02002,1961.949951,1931.02002,1950.819946,3789250000,SP,10/23/14
1951.589966,1965.27002,1946.27002,1964.579956,3078380000,SP,10/24/14
1962.969971,1964.640015,1951.369995,1961.630005,3538860000,SP,10/27/14
1964.140015,1985.050049,1964.140015,1985.050049,3653260000,SP,10/28/14
1983.290039,1991.400024,1969.040039,1982.300049,3740350000,SP,10/29/14
1979.48999,1999.400024,1974.75,1994.650024,3586150000,SP,10/30/14
2001.199951,2018.189941,2001.199951,2018.050049,4292290000,SP,10/31/14
2018.209961,2024.459961,2013.680054,2017.810059,3555440000,SP,11/3/14
2015.810059,2015.97998,2001.01001,2012.099976,3956260000,SP,11/4/14
2015.290039,2023.77002,2014.420044,2023.569946,3766590000,SP,11/5/14
2023.329956,2031.609985,2015.859985,2031.209961,3669770000,SP,11/6/14
2032.359985,2034.26001,2025.069946,2031.920044,3704280000,SP,11/7/14
2032.01001,2038.699951,2030.170044,2038.26001,3284940000,SP,11/10/14
2038.199951,2041.280029,2035.280029,2039.680054,2958320000,SP,11/11/14
2037.75,2040.329956,2031.949951,2038.25,3246650000,SP,11/12/14
2039.209961,2046.180054,2030.439941,2039.329956,3455270000,SP,11/13/14
2039.73999,2042.219971,2035.199951,2039.819946,3227130000,SP,11/14/14
2038.290039,2043.069946,2034.459961,2041.319946,3152890000,SP,11/17/14
2041.47998,2056.080078,2041.47998,2051.800049,3416190000,SP,11/18/14
2051.159912,2052.139893,2040.369995,2048.719971,3390850000,SP,11/19/14
2045.869995,2053.840088,2040.48999,2052.75,3128290000,SP,11/20/14
2057.459961,2071.459961,2056.75,2063.5,3916420000,SP,11/21/14
2065.070068,2070.169922,2065.070068,2069.409912,3128060000,SP,11/24/14
2070.149902,2074.209961,2064.75,2067.030029,3392940000,SP,11/25/14
2067.360107,2073.290039,2066.620117,2072.830078,2745260000,SP,11/26/14
2074.780029,2075.76001,2065.060059,2067.560059,2504640000,SP,11/28/14
2065.780029,2065.780029,2049.570068,2053.439941,4159010000,SP,12/1/14
2053.77002,2068.77002,2053.77002,2066.550049,3686650000,SP,12/2/14
2067.449951,2076.280029,2066.649902,2074.330078,3612680000,SP,12/3/14
2073.639893,2077.340088,2062.340088,2071.919922,3408340000,SP,12/4/14
2072.780029,2079.469971,2070.810059,2075.370117,3419620000,SP,12/5/14
2074.840088,2075.780029,2054.27002,2060.310059,3800990000,SP,12/8/14
2056.550049,2060.600098,2034.170044,2059.820068,3970150000,SP,12/9/14
2058.860107,2058.860107,2024.26001,2026.140015,4114440000,SP,12/10/14
2027.920044,2055.530029,2027.920044,2035.329956,3917950000,SP,12/11/14
2030.359985,2032.25,2002.329956,2002.329956,4157650000,SP,12/12/14
2005.030029,2018.689941,1982.26001,1989.630005,4361990000,SP,12/15/14
1986.709961,2016.890015,1972.560059,1972.73999,4958680000,SP,12/16/14
1973.77002,2016.75,1973.77002,2012.890015,4942370000,SP,12/17/14
2018.97998,2061.22998,2018.97998,2061.22998,4703380000,SP,12/18/14
2061.040039,2077.850098,2061.030029,2070.649902,6465530000,SP,12/19/14
2069.280029,2078.76001,2069.280029,2078.540039,3369520000,SP,12/22/14
2081.47998,2086.72998,2079.77002,2082.169922,3043950000,SP,12/23/14
2083.25,2087.560059,2081.860107,2081.879883,1416980000,SP,12/24/14
2084.300049,2092.699951,2084.300049,2088.77002,1735230000,SP,12/26/14
2087.629883,2093.550049,2085.75,2090.570068,2452360000,SP,12/29/14
2088.48999,2088.48999,2079.530029,2080.350098,2440280000,SP,12/30/14
2082.110107,2085.580078,2057.939941,2058.899902,2606070000,SP,12/31/14
2058.899902,2072.360107,2046.040039,2058.199951,2708700000,SP,1/2/15
2054.439941,2054.439941,2017.339966,2020.579956,3799120000,SP,1/5/15
2022.150024,2030.25,1992.439941,2002.609985,4460110000,SP,1/6/15
2005.550049,2029.609985,2005.550049,2025.900024,3805480000,SP,1/7/15
2030.609985,2064.080078,2030.609985,2062.139893,3934010000,SP,1/8/15
2063.449951,2064.429932,2038.329956,2044.810059,3364140000,SP,1/9/15
2046.130005,2049.300049,2022.579956,2028.26001,3456460000,SP,1/12/15
2031.579956,2056.929932,2008.25,2023.030029,4107300000,SP,1/13/15
2018.400024,2018.400024,1988.439941,2011.27002,4378680000,SP,1/14/15
2013.75,2021.349976,1991.469971,1992.670044,4276720000,SP,1/15/15
1992.25,2020.459961,1988.119995,2019.420044,4056410000,SP,1/16/15
2020.76001,2028.939941,2004.48999,2022.550049,3944340000,SP,1/20/15
2020.189941,2038.290039,2012.040039,2032.119995,3730070000,SP,1/21/15
2034.300049,2064.620117,2026.380005,2063.149902,4176050000,SP,1/22/15
2062.97998,2062.97998,2050.540039,2051.820068,3573560000,SP,1/23/15
2050.419922,2057.620117,2040.969971,2057.090088,3465760000,SP,1/26/15
2047.859985,2047.859985,2019.910034,2029.550049,3329810000,SP,1/27/15
2032.339966,2042.48999,2001.48999,2002.160034,4067530000,SP,1/28/15
2002.449951,2024.640015,1989.180054,2021.25,4127140000,SP,1/29/15
2019.349976,2023.319946,1993.380005,1994.98999,4568650000,SP,1/30/15
1996.670044,2021.660034,1980.900024,2020.849976,4008330000,SP,2/2/15
2022.709961,2050.300049,2022.709961,2050.030029,4615900000,SP,2/3/15
2048.860107,2054.73999,2036.719971,2041.51001,4141920000,SP,2/4/15
2043.449951,2063.550049,2043.449951,2062.52002,3821990000,SP,2/5/15
2062.280029,2072.399902,2049.969971,2055.469971,4232970000,SP,2/6/15
2053.469971,2056.159912,2041.880005,2046.73999,3549540000,SP,2/9/15
2049.379883,2070.860107,2048.620117,2068.590088,3669850000,SP,2/10/15
2068.550049,2073.47998,2057.98999,2068.530029,3596860000,SP,2/11/15
2069.97998,2088.530029,2069.97998,2088.47998,3788350000,SP,2/12/15
2088.780029,2097.030029,2086.699951,2096.98999,3527450000,SP,2/13/15
2096.469971,2101.300049,2089.800049,2100.340088,3361750000,SP,2/17/15
2099.159912,2100.22998,2092.149902,2099.679932,3370020000,SP,2/18/15
2099.25,2102.129883,2090.790039,2097.449951,3247100000,SP,2/19/15
2097.649902,2110.610107,2085.439941,2110.300049,3281600000,SP,2/20/15
2109.830078,2110.050049,2103,2109.659912,3093680000,SP,2/23/15
2109.100098,2117.939941,2105.870117,2115.47998,3199840000,SP,2/24/15
2115.300049,2119.590088,2109.889893,2113.860107,3312340000,SP,2/25/15
2113.909912,2113.909912,2103.76001,2110.73999,3408690000,SP,2/26/15
2110.879883,2112.73999,2103.75,2104.5,3547380000,SP,2/27/15
2105.22998,2117.52002,2104.5,2117.389893,3409490000,SP,3/2/15
2115.76001,2115.76001,2098.26001,2107.780029,3262300000,SP,3/3/15
2107.719971,2107.719971,2094.48999,2098.530029,3421110000,SP,3/4/15
2098.540039,2104.25,2095.219971,2101.040039,3103030000,SP,3/5/15
2100.909912,2100.909912,2067.27002,2071.26001,3853570000,SP,3/6/15
2072.25,2083.48999,2072.209961,2079.429932,3349090000,SP,3/9/15
2076.139893,2076.139893,2044.160034,2044.160034,3668900000,SP,3/10/15
2044.689941,2050.080078,2039.689941,2040.23999,3406570000,SP,3/11/15
2041.099976,2066.409912,2041.099976,2065.949951,3405860000,SP,3/12/15
2064.560059,2064.560059,2041.170044,2053.399902,3498560000,SP,3/13/15
2055.350098,2081.409912,2055.350098,2081.189941,3295600000,SP,3/16/15
2080.590088,2080.590088,2065.080078,2074.280029,3221840000,SP,3/17/15
2072.840088,2106.850098,2061.22998,2099.5,4128210000,SP,3/18/15
2098.689941,2098.689941,2085.560059,2089.27002,3305220000,SP,3/19/15
2090.320068,2113.919922,2090.320068,2108.100098,5554120000,SP,3/20/15
2107.98999,2114.860107,2104.419922,2104.419922,3267960000,SP,3/23/15
2103.939941,2107.629883,2091.5,2091.5,3189820000,SP,3/24/15
2093.100098,2097.429932,2061.050049,2061.050049,3521140000,SP,3/25/15
2059.939941,2067.149902,2045.5,2056.149902,3510670000,SP,3/26/15
2055.780029,2062.830078,2052.959961,2061.02002,3008550000,SP,3/27/15
2064.110107,2088.969971,2064.110107,2086.23999,2917690000,SP,3/30/15
2084.050049,2084.050049,2067.040039,2067.889893,3376550000,SP,3/31/15
2067.629883,2067.629883,2048.379883,2059.689941,3543270000,SP,4/1/15
2060.030029,2072.169922,2057.320068,2066.959961,3095960000,SP,4/2/15
2064.870117,2086.98999,2056.52002,2080.620117,3302970000,SP,4/6/15
2080.790039,2089.810059,2076.100098,2076.330078,3065510000,SP,4/7/15
2076.939941,2086.689941,2073.300049,2081.899902,3265330000,SP,4/8/15
2081.290039,2093.310059,2074.290039,2091.179932,3172360000,SP,4/9/15
2091.51001,2102.610107,2091.51001,2102.060059,3156200000,SP,4/10/15
2102.030029,2107.649902,2092.330078,2092.429932,2908420000,SP,4/13/15
2092.280029,2098.620117,2083.23999,2095.840088,3301270000,SP,4/14/15
2097.820068,2111.909912,2097.820068,2106.629883,4013760000,SP,4/15/15
2105.959961,2111.300049,2100.02002,2104.98999,3434120000,SP,4/16/15
2102.580078,2102.580078,2072.370117,2081.179932,3627600000,SP,4/17/15
2084.110107,2103.939941,2084.110107,2100.399902,3000160000,SP,4/20/15
2102.820068,2109.639893,2094.379883,2097.290039,3243410000,SP,4/21/15
2098.27002,2109.97998,2091.050049,2107.959961,3348480000,SP,4/22/15
2107.209961,2120.48999,2103.189941,2112.929932,3636670000,SP,4/23/15
2112.800049,2120.919922,2112.800049,2117.689941,3375780000,SP,4/24/15
2119.290039,2125.919922,2107.040039,2108.919922,3438750000,SP,4/27/15
2108.350098,2116.040039,2094.889893,2114.76001,3546270000,SP,4/28/15
2112.48999,2113.649902,2097.409912,2106.850098,4074970000,SP,4/29/15
2105.52002,2105.52002,2077.590088,2085.51001,4509680000,SP,4/30/15
2087.379883,2108.409912,2087.379883,2108.290039,3379390000,SP,5/1/15
2110.22998,2120.949951,2110.22998,2114.48999,3091580000,SP,5/4/15
2112.629883,2115.23999,2088.459961,2089.459961,3793950000,SP,5/5/15
2091.26001,2098.419922,2067.929932,2080.149902,3792210000,SP,5/6/15
2079.959961,2092.899902,2074.98999,2088,3676640000,SP,5/7/15
2092.129883,2117.659912,2092.129883,2116.100098,3399440000,SP,5/8/15
2115.560059,2117.689941,2104.580078,2105.330078,2992670000,SP,5/11/15
2102.870117,2105.060059,2085.570068,2099.120117,3139520000,SP,5/12/15
2099.620117,2110.189941,2096.040039,2098.47998,3374260000,SP,5/13/15
2100.429932,2121.449951,2100.429932,2121.100098,3225740000,SP,5/14/15
2122.070068,2123.889893,2116.810059,2122.72998,3092080000,SP,5/15/15
2121.300049,2131.780029,2120.01001,2129.199951,2888190000,SP,5/18/15
2129.449951,2133.02002,2124.5,2127.830078,3296030000,SP,5/19/15
2127.790039,2134.719971,2122.590088,2125.850098,3025880000,SP,5/20/15
2125.550049,2134.280029,2122.949951,2130.820068,3070460000,SP,5/21/15
2130.360107,2132.149902,2126.060059,2126.060059,2571860000,SP,5/22/15
2125.340088,2125.340088,2099.179932,2104.199951,3342130000,SP,5/26/15
2105.129883,2126.219971,2105.129883,2123.47998,3127960000,SP,5/27/15
2122.27002,2122.27002,2112.860107,2120.790039,2980350000,SP,5/28/15
2120.659912,2120.659912,2104.889893,2107.389893,3927390000,SP,5/29/15
2108.639893,2119.149902,2102.540039,2111.72998,3011710000,SP,6/1/15
2110.409912,2117.590088,2099.139893,2109.600098,3049350000,SP,6/2/15
2110.639893,2121.919922,2109.610107,2114.070068,3099980000,SP,6/3/15
2112.350098,2112.889893,2093.22998,2095.840088,3200050000,SP,6/4/15
2095.090088,2100.98999,2085.669922,2092.830078,3243690000,SP,6/5/15
2092.340088,2093.01001,2079.110107,2079.280029,2917150000,SP,6/8/15
2079.070068,2085.620117,2072.139893,2080.149902,3034580000,SP,6/9/15
2081.120117,2108.5,2081.120117,2105.199951,3414320000,SP,6/10/15
2106.23999,2115.02002,2106.23999,2108.860107,3128600000,SP,6/11/15
2107.429932,2107.429932,2091.330078,2094.110107,2719400000,SP,6/12/15
2091.340088,2091.340088,2072.48999,2084.429932,3061570000,SP,6/15/15
2084.26001,2097.399902,2082.100098,2096.290039,2919900000,SP,6/16/15
2097.399902,2106.790039,2088.860107,2100.439941,3222240000,SP,6/17/15
2101.580078,2126.649902,2101.580078,2121.23999,3520360000,SP,6/18/15
2121.060059,2121.639893,2109.449951,2109.98999,4449810000,SP,6/19/15
2112.5,2129.870117,2112.5,2122.850098,3030020000,SP,6/22/15
2123.159912,2128.030029,2119.889893,2124.199951,3091190000,SP,6/23/15
2123.649902,2125.100098,2108.580078,2108.580078,3102480000,SP,6/24/15
2109.959961,2116.040039,2101.780029,2102.310059,3214610000,SP,6/25/15
2102.620117,2108.919922,2095.379883,2101.48999,5025470000,SP,6/26/15
2098.629883,2098.629883,2056.639893,2057.639893,3678960000,SP,6/29/15
2061.189941,2074.280029,2056.320068,2063.110107,4078540000,SP,6/30/15
2067,2082.780029,2067,2077.419922,3727260000,SP,7/1/15
2078.030029,2085.060059,2071.02002,2076.780029,2996540000,SP,7/2/15
2073.949951,2078.610107,2058.399902,2068.76001,3486360000,SP,7/6/15
2069.52002,2083.73999,2044.02002,2081.340088,4458660000,SP,7/7/15
2077.659912,2077.659912,2044.660034,2046.680054,3608780000,SP,7/8/15
2049.72998,2074.280029,2049.72998,2051.310059,3446810000,SP,7/9/15
2052.73999,2081.310059,2052.73999,2076.620117,3065070000,SP,7/10/15
2080.030029,2100.669922,2080.030029,2099.600098,3096730000,SP,7/13/15
2099.719971,2111.97998,2098.179932,2108.949951,3002120000,SP,7/14/15
2109.01001,2114.139893,2102.48999,2107.399902,3261810000,SP,7/15/15
2110.550049,2124.419922,2110.550049,2124.290039,3227080000,SP,7/16/15
2126.800049,2128.909912,2119.879883,2126.639893,3362750000,SP,7/17/15
2126.850098,2132.820068,2123.659912,2128.280029,3245870000,SP,7/20/15
2127.550049,2128.48999,2115.399902,2119.209961,3343690000,SP,7/21/15
2118.209961,2118.51001,2110,2114.149902,3694070000,SP,7/22/15
2114.159912,2116.870117,2098.629883,2102.149902,3772810000,SP,7/23/15
2102.23999,2106.01001,2077.090088,2079.649902,3870040000,SP,7/24/15
2078.189941,2078.189941,2063.52002,2067.639893,3836750000,SP,7/27/15
2070.75,2095.600098,2069.090088,2093.25,4117740000,SP,7/28/15
2094.699951,2110.600098,2094.080078,2108.570068,4038900000,SP,7/29/15
2106.780029,2110.47998,2094.969971,2108.629883,3579410000,SP,7/30/15
2111.600098,2114.23999,2102.070068,2103.840088,3681340000,SP,7/31/15
2104.48999,2105.699951,2087.310059,2098.040039,3476770000,SP,8/3/15
2097.679932,2102.51001,2088.600098,2093.320068,3546710000,SP,8/4/15
2095.27002,2112.659912,2095.27002,2099.840088,3968680000,SP,8/5/15
2100.75,2103.320068,2075.530029,2083.560059,4246570000,SP,8/6/15
2082.610107,2082.610107,2067.909912,2077.570068,3602320000,SP,8/7/15
2080.97998,2105.350098,2080.97998,2104.179932,3514460000,SP,8/10/15
2102.659912,2102.659912,2076.48999,2084.070068,3708880000,SP,8/11/15
2081.100098,2089.060059,2052.090088,2086.050049,4269130000,SP,8/12/15
2086.189941,2092.929932,2078.26001,2083.389893,3221300000,SP,8/13/15
2083.149902,2092.449951,2080.610107,2091.540039,2795590000,SP,8/14/15
2089.699951,2102.870117,2079.300049,2102.439941,2867690000,SP,8/17/15
2101.98999,2103.469971,2094.139893,2096.919922,2949990000,SP,8/18/15
2095.689941,2096.169922,2070.530029,2079.610107,3512920000,SP,8/19/15
2076.610107,2076.610107,2035.72998,2035.72998,3922470000,SP,8/20/15
2034.079956,2034.079956,1970.890015,1970.890015,5018240000,SP,8/21/15
1965.150024,1965.150024,1867.01001,1893.209961,6612690000,SP,8/24/15
1898.079956,1948.040039,1867.079956,1867.609985,5183560000,SP,8/25/15
1872.75,1943.089966,1872.75,1940.51001,5338250000,SP,8/26/15
1942.77002,1989.599976,1942.77002,1987.660034,5006390000,SP,8/27/15
1986.060059,1993.47998,1975.189941,1988.869995,3949080000,SP,8/28/15
1986.72998,1986.72998,1965.97998,1972.180054,3915100000,SP,8/31/15
1970.089966,1970.089966,1903.069946,1913.849976,4371850000,SP,9/1/15
1916.52002,1948.910034,1916.52002,1948.859985,3742620000,SP,9/2/15
1950.790039,1975.01001,1944.719971,1951.130005,3520700000,SP,9/3/15
1947.76001,1947.76001,1911.209961,1921.219971,3167090000,SP,9/4/15
1927.300049,1970.420044,1927.300049,1969.410034,3548650000,SP,9/8/15
1971.449951,1988.630005,1937.880005,1942.040039,3652120000,SP,9/9/15
1941.589966,1965.290039,1937.189941,1952.290039,3626320000,SP,9/10/15
1951.449951,1961.050049,1939.189941,1961.050049,3218590000,SP,9/11/15
1963.060059,1963.060059,1948.27002,1953.030029,3000200000,SP,9/14/15
1955.099976,1983.189941,1954.300049,1978.089966,3239860000,SP,9/15/15
1978.02002,1997.26001,1977.930054,1995.310059,3630680000,SP,9/16/15
1995.329956,2020.859985,1986.72998,1990.199951,4183790000,SP,9/17/15
1989.660034,1989.660034,1953.449951,1958.030029,6021240000,SP,9/18/15
1960.839966,1979.640015,1955.800049,1966.969971,3269350000,SP,9/21/15
1961.390015,1961.390015,1929.219971,1942.73999,3808260000,SP,9/22/15
1943.23999,1949.52002,1932.569946,1938.76001,3190530000,SP,9/23/15
1934.810059,1937.170044,1908.920044,1932.23999,4091530000,SP,9/24/15
1935.930054,1952.890015,1921.5,1931.339966,3721870000,SP,9/25/15
1929.180054,1929.180054,1879.209961,1881.77002,4326660000,SP,9/28/15
1881.900024,1899.47998,1871.910034,1884.089966,4132390000,SP,9/29/15
1887.140015,1920.530029,1887.140015,1920.030029,4525070000,SP,9/30/15
1919.650024,1927.209961,1900.699951,1923.819946,3983600000,SP,10/1/15
1921.77002,1951.359985,1893.699951,1951.359985,4378570000,SP,10/2/15
1954.329956,1989.170044,1954.329956,1987.050049,4334490000,SP,10/5/15
1986.630005,1991.619995,1971.98999,1979.920044,4202400000,SP,10/6/15
1982.339966,1999.310059,1976.439941,1995.829956,4666470000,SP,10/7/15
1994.01001,2016.5,1987.530029,2013.430054,3939140000,SP,10/8/15
2013.72998,2020.130005,2007.609985,2014.890015,3706900000,SP,10/9/15
2015.650024,2018.660034,2010.550049,2017.459961,2893250000,SP,10/12/15
2015,2022.339966,2001.780029,2003.689941,3401920000,SP,10/13/15
2003.660034,2009.560059,1990.72998,1994.23999,3644590000,SP,10/14/15
1996.469971,2024.150024,1996.469971,2023.859985,3746290000,SP,10/15/15
2024.369995,2033.540039,2020.459961,2033.109985,3595430000,SP,10/16/15
2031.72998,2034.449951,2022.310059,2033.660034,3287320000,SP,10/19/15
2033.130005,2039.119995,2026.609985,2030.77002,3331500000,SP,10/20/15
2033.469971,2037.969971,2017.219971,2018.939941,3627790000,SP,10/21/15
2021.880005,2055.199951,2021.880005,2052.51001,4430850000,SP,10/22/15
2058.189941,2079.73999,2058.189941,2075.149902,4108460000,SP,10/23/15
2075.080078,2075.139893,2066.530029,2071.179932,3385800000,SP,10/26/15
2068.75,2070.370117,2058.840088,2065.889893,4216880000,SP,10/27/15
2066.47998,2090.350098,2063.110107,2090.350098,4698110000,SP,10/28/15
2088.350098,2092.52002,2082.629883,2089.409912,4008940000,SP,10/29/15
2090,2094.320068,2079.340088,2079.360107,4256200000,SP,10/30/15
2080.76001,2106.199951,2080.76001,2104.050049,3760020000,SP,11/2/15
2102.629883,2116.47998,2097.51001,2109.790039,4272060000,SP,11/3/15
2110.600098,2114.590088,2096.97998,2102.310059,4078870000,SP,11/4/15
2101.679932,2108.780029,2090.409912,2099.929932,4051890000,SP,11/5/15
2098.600098,2101.909912,2083.73999,2099.199951,4369020000,SP,11/6/15
2096.560059,2096.560059,2068.23999,2078.580078,3882350000,SP,11/9/15
2077.189941,2083.669922,2069.909912,2081.719971,3821440000,SP,11/10/15
2083.409912,2086.939941,2074.850098,2075,3692410000,SP,11/11/15
2072.290039,2072.290039,2045.660034,2045.969971,4016370000,SP,11/12/15
2044.640015,2044.640015,2022.02002,2023.040039,4278750000,SP,11/13/15
2022.079956,2053.219971,2019.390015,2053.189941,3741240000,SP,11/16/15
2053.669922,2066.689941,2045.900024,2050.439941,4427350000,SP,11/17/15
2051.98999,2085.310059,2051.98999,2083.580078,3926390000,SP,11/18/15
2083.699951,2086.73999,2078.76001,2081.23999,3628110000,SP,11/19/15
2082.820068,2097.060059,2082.820068,2089.169922,3929600000,SP,11/20/15
2089.409912,2095.610107,2081.389893,2086.590088,3587980000,SP,11/23/15
2084.419922,2094.120117,2070.290039,2089.139893,3884930000,SP,11/24/15
2089.300049,2093,2086.300049,2088.870117,2852940000,SP,11/25/15
2088.820068,2093.290039,2084.129883,2090.110107,1466840000,SP,11/27/15
2090.949951,2093.810059,2080.409912,2080.409912,4275030000,SP,11/30/15
2082.929932,2103.370117,2082.929932,2102.629883,3712120000,SP,12/1/15
2101.709961,2104.27002,2077.110107,2079.51001,3950640000,SP,12/2/15
2080.709961,2085,2042.349976,2049.620117,4306490000,SP,12/3/15
2051.23999,2093.840088,2051.23999,2091.689941,4214910000,SP,12/4/15
2090.419922,2090.419922,2066.780029,2077.070068,4043820000,SP,12/7/15
2073.389893,2073.850098,2052.320068,2063.590088,4173570000,SP,12/8/15
2061.169922,2080.330078,2036.530029,2047.619995,4385250000,SP,12/9/15
2047.930054,2067.649902,2045.670044,2052.22998,3715150000,SP,12/10/15
2047.27002,2047.27002,2008.800049,2012.369995,4301060000,SP,12/11/15
2013.369995,2022.920044,1993.26001,2021.939941,4612440000,SP,12/14/15
2025.550049,2053.870117,2025.550049,2043.410034,4353540000,SP,12/15/15
2046.5,2076.719971,2042.430054,2073.070068,4635450000,SP,12/16/15
2073.76001,2076.370117,2041.660034,2041.890015,4327390000,SP,12/17/15
2040.810059,2040.810059,2005.329956,2005.550049,6683070000,SP,12/18/15
2010.27002,2022.900024,2005.930054,2021.150024,3760280000,SP,12/21/15
2023.150024,2042.73999,2020.48999,2038.969971,3520860000,SP,12/22/15
2042.199951,2064.72998,2042.199951,2064.290039,3484090000,SP,12/23/15
2063.52002,2067.360107,2058.72998,2060.98999,1411860000,SP,12/24/15
2057.77002,2057.77002,2044.199951,2056.5,2492510000,SP,12/28/15
2060.540039,2081.560059,2060.540039,2078.360107,2542000000,SP,12/29/15
2077.340088,2077.340088,2061.969971,2063.360107,2367430000,SP,12/30/15
2060.590088,2062.540039,2043.619995,2043.939941,2655330000,SP,12/31/15
2038.199951,2038.199951,1989.680054,2012.660034,4304880000,SP,1/4/16
2013.780029,2021.939941,2004.170044,2016.709961,3706620000,SP,1/5/16
2011.709961,2011.709961,1979.050049,1990.26001,4336660000,SP,1/6/16
1985.319946,1985.319946,1938.829956,1943.089966,5076590000,SP,1/7/16
1945.969971,1960.400024,1918.459961,1922.030029,4664940000,SP,1/8/16
1926.119995,1935.650024,1901.099976,1923.670044,4607290000,SP,1/11/16
1927.829956,1947.380005,1914.349976,1938.680054,4887260000,SP,1/12/16
1940.339966,1950.329956,1886.410034,1890.280029,5087030000,SP,1/13/16
1891.680054,1934.469971,1878.930054,1921.839966,5241110000,SP,1/14/16
1916.680054,1916.680054,1857.829956,1880.329956,5468460000,SP,1/15/16
1888.660034,1901.439941,1864.599976,1881.329956,4928350000,SP,1/19/16
1876.180054,1876.180054,1812.290039,1859.329956,6416070000,SP,1/20/16
1861.459961,1889.849976,1848.97998,1868.98999,5078810000,SP,1/21/16
1877.400024,1908.849976,1877.400024,1906.900024,4901760000,SP,1/22/16
1906.280029,1906.280029,1875.969971,1877.079956,4401380000,SP,1/25/16
1878.790039,1906.72998,1878.790039,1903.630005,4357940000,SP,1/26/16
1902.52002,1916.98999,1872.699951,1882.949951,4754040000,SP,1/27/16
1885.219971,1902.959961,1873.650024,1893.359985,4693010000,SP,1/28/16
1894,1940.23999,1894,1940.23999,5497570000,SP,1/29/16
1936.939941,1947.199951,1920.300049,1939.380005,4322530000,SP,2/1/16
1935.26001,1935.26001,1897.290039,1903.030029,4463190000,SP,2/2/16
1907.069946,1918.01001,1872.22998,1912.530029,5172950000,SP,2/3/16
1911.670044,1927.349976,1900.52002,1915.449951,5193320000,SP,2/4/16
1913.069946,1913.069946,1872.650024,1880.050049,4929940000,SP,2/5/16
1873.25,1873.25,1828.459961,1853.439941,5636460000,SP,2/8/16
1848.459961,1868.25,1834.939941,1852.209961,5183220000,SP,2/9/16
1857.099976,1881.599976,1850.319946,1851.859985,4471170000,SP,2/10/16
1847,1847,1810.099976,1829.079956,5500800000,SP,2/11/16
1833.400024,1864.780029,1833.400024,1864.780029,4696920000,SP,2/12/16
1871.439941,1895.77002,1871.439941,1895.579956,4570670000,SP,2/16/16
1898.800049,1930.680054,1898.800049,1926.819946,5011540000,SP,2/17/16
1927.569946,1930,1915.089966,1917.829956,4436490000,SP,2/18/16
1916.73999,1918.780029,1902.170044,1917.780029,4142850000,SP,2/19/16
1924.439941,1946.699951,1924.439941,1945.5,4054710000,SP,2/22/16
1942.380005,1942.380005,1919.439941,1921.27002,3890650000,SP,2/23/16
1917.560059,1932.079956,1891,1929.800049,4317250000,SP,2/24/16
1931.869995,1951.829956,1925.410034,1951.699951,4118210000,SP,2/25/16
1954.949951,1962.959961,1945.780029,1948.050049,4348510000,SP,2/26/16
1947.130005,1958.27002,1931.810059,1932.22998,4588180000,SP,2/29/16
1937.089966,1978.349976,1937.089966,1978.349976,4819750000,SP,3/1/16
1976.599976,1986.51001,1968.800049,1986.449951,4666610000,SP,3/2/16
1985.599976,1993.689941,1977.369995,1993.400024,5081700000,SP,3/3/16
1994.01001,2009.130005,1986.77002,1999.98999,6049930000,SP,3/4/16
1996.109985,2006.119995,1989.380005,2001.76001,4968180000,SP,3/7/16
1996.880005,1996.880005,1977.430054,1979.26001,4641650000,SP,3/8/16
1981.439941,1992.689941,1979.839966,1989.26001,4038120000,SP,3/9/16
1990.969971,2005.079956,1969.25,1989.569946,4376790000,SP,3/10/16
1994.709961,2022.369995,1994.709961,2022.189941,4078620000,SP,3/11/16
2019.27002,2024.569946,2012.050049,2019.640015,3487850000,SP,3/14/16
2015.27002,2015.939941,2005.22998,2015.930054,3560280000,SP,3/15/16
2014.23999,2032.02002,2010.040039,2027.219971,4057020000,SP,3/16/16
2026.900024,2046.23999,2022.160034,2040.589966,4530480000,SP,3/17/16
2041.160034,2052.360107,2041.160034,2049.580078,6503140000,SP,3/18/16
2047.880005,2053.909912,2043.140015,2051.600098,3376600000,SP,3/21/16
2048.639893,2056.600098,2040.569946,2049.800049,3418460000,SP,3/22/16
2048.550049,2048.550049,2034.859985,2036.709961,3639510000,SP,3/23/16
2032.47998,2036.040039,2022.48999,2035.939941,3407720000,SP,3/24/16
2037.890015,2042.670044,2031.959961,2037.050049,2809090000,SP,3/28/16
2035.75,2055.909912,2028.310059,2055.01001,3822330000,SP,3/29/16
2058.27002,2072.209961,2058.27002,2063.949951,3590310000,SP,3/30/16
2063.77002,2067.919922,2057.459961,2059.73999,3715280000,SP,3/31/16
2056.620117,2075.070068,2043.97998,2072.780029,3749990000,SP,4/1/16
2073.189941,2074.02002,2062.570068,2066.129883,3485710000,SP,4/4/16
2062.5,2062.5,2042.560059,2045.170044,4154920000,SP,4/5/16
2045.560059,2067.330078,2043.089966,2066.659912,3750800000,SP,4/6/16
2063.01001,2063.01001,2033.800049,2041.910034,3801250000,SP,4/7/16
2045.540039,2060.629883,2041.689941,2047.599976,3359530000,SP,4/8/16
2050.22998,2062.929932,2041.880005,2041.98999,3567840000,SP,4/11/16
2043.719971,2065.050049,2039.73999,2061.719971,4239740000,SP,4/12/16
2065.919922,2083.179932,2065.919922,2082.419922,4191830000,SP,4/13/16
2082.889893,2087.840088,2078.129883,2082.780029,3765870000,SP,4/14/16
2083.100098,2083.219971,2076.310059,2080.72998,3701450000,SP,4/15/16
2078.830078,2094.659912,2073.649902,2094.340088,3316880000,SP,4/18/16
2096.050049,2104.050049,2091.679932,2100.800049,3896830000,SP,4/19/16
2101.52002,2111.050049,2096.320068,2102.399902,4184880000,SP,4/20/16
2102.090088,2103.780029,2088.52002,2091.47998,4175290000,SP,4/21/16
2091.48999,2094.320068,2081.199951,2091.580078,3790580000,SP,4/22/16
2089.370117,2089.370117,2077.52002,2087.790039,3319740000,SP,4/25/16
2089.840088,2096.870117,2085.800049,2091.699951,3557190000,SP,4/26/16
2092.330078,2099.889893,2082.310059,2095.149902,4100110000,SP,4/27/16
2090.929932,2099.300049,2071.620117,2075.810059,4309840000,SP,4/28/16
2071.820068,2073.850098,2052.280029,2065.300049,4704720000,SP,4/29/16
2067.169922,2083.419922,2066.110107,2081.429932,3841110000,SP,5/2/16
2077.179932,2077.179932,2054.889893,2063.370117,4173390000,SP,5/3/16
2060.300049,2060.300049,2045.550049,2051.120117,4058560000,SP,5/4/16
2052.949951,2060.22998,2045.77002,2050.629883,4008530000,SP,5/5/16
2047.77002,2057.719971,2039.449951,2057.139893,3796350000,SP,5/6/16
2057.550049,2064.149902,2054.310059,2058.689941,3788620000,SP,5/9/16
2062.629883,2084.870117,2062.629883,2084.389893,3600200000,SP,5/10/16
2083.290039,2083.290039,2064.459961,2064.459961,3821980000,SP,5/11/16
2067.169922,2073.98999,2053.129883,2064.110107,3782390000,SP,5/12/16
2062.5,2066.790039,2043.130005,2046.609985,3579880000,SP,5/13/16
2046.530029,2071.879883,2046.530029,2066.659912,3501360000,SP,5/16/16
2065.040039,2065.689941,2040.819946,2047.209961,4108960000,SP,5/17/16
2044.380005,2060.610107,2034.48999,2047.630005,4101320000,SP,5/18/16
2044.209961,2044.209961,2025.910034,2040.040039,3846770000,SP,5/19/16
2041.880005,2058.350098,2041.880005,2052.320068,3507650000,SP,5/20/16
2052.22998,2055.580078,2047.26001,2048.040039,3055480000,SP,5/23/16
2052.649902,2079.669922,2052.649902,2076.060059,3627340000,SP,5/24/16
2078.929932,2094.72998,2078.929932,2090.540039,3859160000,SP,5/25/16
2091.439941,2094.300049,2087.080078,2090.100098,3230990000,SP,5/26/16
2090.060059,2099.060059,2090.060059,2099.060059,3079150000,SP,5/27/16
2100.129883,2103.47998,2088.659912,2096.949951,4514410000,SP,5/31/16
2093.939941,2100.969971,2085.100098,2099.330078,3525170000,SP,6/1/16
2097.709961,2105.26001,2088.590088,2105.26001,3632720000,SP,6/2/16
2104.070068,2104.070068,2085.360107,2099.129883,3627780000,SP,6/3/16
2100.830078,2113.360107,2100.830078,2109.409912,3442020000,SP,6/6/16
2110.179932,2119.219971,2110.179932,2112.129883,3534730000,SP,6/7/16
2112.709961,2120.550049,2112.709961,2119.120117,3562060000,SP,6/8/16
2115.649902,2117.639893,2107.72998,2115.47998,3290320000,SP,6/9/16
2109.570068,2109.570068,2089.959961,2096.070068,3515010000,SP,6/10/16
2091.75,2098.120117,2078.459961,2079.060059,3392030000,SP,6/13/16
2076.649902,2081.300049,2064.100098,2075.320068,3759770000,SP,6/14/16
2077.600098,2085.649902,2069.800049,2071.5,3544720000,SP,6/15/16
2066.360107,2079.620117,2050.370117,2077.98999,3628280000,SP,6/16/16
2078.199951,2078.199951,2062.840088,2071.219971,4952630000,SP,6/17/16
2075.580078,2100.659912,2075.580078,2083.25,3467440000,SP,6/20/16
2085.189941,2093.659912,2083.02002,2088.899902,3232880000,SP,6/21/16
2089.75,2099.709961,2084.360107,2085.449951,3168160000,SP,6/22/16
2092.800049,2113.320068,2092.800049,2113.320068,3297940000,SP,6/23/16
2103.810059,2103.810059,2032.569946,2037.410034,7597450000,SP,6/24/16
2031.449951,2031.449951,1991.680054,2000.540039,5431220000,SP,6/27/16
2006.670044,2036.089966,2006.670044,2036.089966,4385810000,SP,6/28/16
2042.689941,2073.129883,2042.689941,2070.77002,4241740000,SP,6/29/16
2073.169922,2098.939941,2070,2098.860107,4622820000,SP,6/30/16
2099.340088,2108.709961,2097.899902,2102.949951,3458890000,SP,7/1/16
2095.050049,2095.050049,2080.860107,2088.550049,3658380000,SP,7/5/16
2084.429932,2100.719971,2074.02002,2099.72998,3909380000,SP,7/6/16
2100.419922,2109.080078,2089.389893,2097.899902,3604550000,SP,7/7/16
2106.969971,2131.709961,2106.969971,2129.899902,3607500000,SP,7/8/16
2131.719971,2143.159912,2131.719971,2137.159912,3253340000,SP,7/11/16
2139.5,2155.399902,2139.5,2152.139893,4097820000,SP,7/12/16
2153.810059,2156.449951,2146.209961,2152.429932,3502320000,SP,7/13/16
2157.879883,2168.98999,2157.879883,2163.75,3465610000,SP,7/14/16
2165.129883,2169.050049,2155.790039,2161.73999,3122600000,SP,7/15/16
2162.040039,2168.350098,2159.629883,2166.889893,3009310000,SP,7/18/16
2163.790039,2164.629883,2159.01001,2163.780029,2968340000,SP,7/19/16
2166.100098,2175.629883,2164.889893,2173.02002,3211860000,SP,7/20/16
2172.909912,2174.560059,2159.75,2165.169922,3438900000,SP,7/21/16
2166.469971,2175.110107,2163.23999,2175.030029,3023280000,SP,7/22/16
2173.709961,2173.709961,2161.949951,2168.47998,3057240000,SP,7/25/16
2168.969971,2173.540039,2160.179932,2169.179932,3442350000,SP,7/26/16
2169.810059,2174.97998,2159.070068,2166.580078,3995500000,SP,7/27/16
2166.050049,2172.850098,2159.73999,2170.060059,3664240000,SP,7/28/16
2168.830078,2177.090088,2163.48999,2173.600098,4038840000,SP,7/29/16
2173.149902,2178.290039,2166.209961,2170.840088,3505990000,SP,8/1/16
2169.939941,2170.199951,2147.580078,2157.030029,3848750000,SP,8/2/16
2156.810059,2163.790039,2152.560059,2163.790039,3786530000,SP,8/3/16
2163.51001,2168.189941,2159.070068,2164.25,3709200000,SP,8/4/16
2168.790039,2182.870117,2168.790039,2182.870117,3663070000,SP,8/5/16
2183.76001,2185.439941,2177.850098,2180.889893,3327550000,SP,8/8/16
2182.23999,2187.659912,2178.610107,2181.73999,3334300000,SP,8/9/16
2182.810059,2183.409912,2172,2175.48999,3254950000,SP,8/10/16
2177.969971,2188.449951,2177.969971,2185.790039,3423160000,SP,8/11/16
2183.73999,2186.280029,2179.419922,2184.050049,3000660000,SP,8/12/16
2186.080078,2193.810059,2186.080078,2190.149902,3078530000,SP,8/15/16
2186.23999,2186.23999,2178.139893,2178.149902,3196400000,SP,8/16/16
2177.840088,2183.080078,2168.5,2182.219971,3388910000,SP,8/17/16
2181.899902,2187.030029,2180.459961,2187.02002,3300570000,SP,8/18/16
2184.23999,2185,2175.129883,2183.870117,3084800000,SP,8/19/16
2181.580078,2185.149902,2175.959961,2182.639893,2777550000,SP,8/22/16
2187.810059,2193.419922,2186.800049,2186.899902,3041490000,SP,8/23/16
2185.090088,2186.659912,2171.25,2175.439941,3148280000,SP,8/24/16
2173.290039,2179,2169.73999,2172.469971,2969310000,SP,8/25/16
2175.100098,2187.939941,2160.389893,2169.040039,3342340000,SP,8/26/16
2170.189941,2183.47998,2170.189941,2180.379883,2654780000,SP,8/29/16
2179.449951,2182.27002,2170.409912,2176.120117,3006800000,SP,8/30/16
2173.560059,2173.790039,2161.350098,2170.949951,3766390000,SP,8/31/16
2171.330078,2173.560059,2157.090088,2170.860107,3392120000,SP,9/1/16
2177.48999,2184.870117,2173.590088,2179.97998,3091120000,SP,9/2/16
2181.610107,2186.570068,2175.100098,2186.47998,3447650000,SP,9/6/16
2185.169922,2187.870117,2179.070068,2186.159912,3319420000,SP,9/7/16
2182.76001,2184.939941,2177.48999,2181.300049,3727840000,SP,9/8/16
2169.080078,2169.080078,2127.810059,2127.810059,4233960000,SP,9/9/16
2120.860107,2163.300049,2119.120117,2159.040039,4010480000,SP,9/12/16
2150.469971,2150.469971,2120.27002,2127.02002,4141670000,SP,9/13/16
2127.860107,2141.330078,2119.899902,2125.77002,3664100000,SP,9/14/16
2125.360107,2151.310059,2122.360107,2147.26001,3373720000,SP,9/15/16
2146.47998,2146.47998,2131.199951,2139.159912,5014360000,SP,9/16/16
2143.98999,2153.610107,2135.909912,2139.120117,3163000000,SP,9/19/16
2145.939941,2150.800049,2139.169922,2139.76001,3140730000,SP,9/20/16
2144.580078,2165.110107,2139.570068,2163.120117,3712090000,SP,9/21/16
2170.939941,2179.98999,2170.939941,2177.179932,3552830000,SP,9/22/16
2173.290039,2173.75,2163.969971,2164.689941,3317190000,SP,9/23/16
2158.540039,2158.540039,2145.040039,2146.100098,3216170000,SP,9/26/16
2146.040039,2161.129883,2141.550049,2159.929932,3437770000,SP,9/27/16
2161.850098,2172.399902,2151.790039,2171.370117,3891460000,SP,9/28/16
2168.899902,2172.669922,2145.199951,2151.129883,4249220000,SP,9/29/16
2156.51001,2175.300049,2156.51001,2168.27002,4173340000,SP,9/30/16
2164.330078,2164.409912,2154.77002,2161.199951,3137550000,SP,10/3/16
2163.370117,2165.459961,2144.01001,2150.48999,3750890000,SP,10/4/16
2155.149902,2163.949951,2155.149902,2159.72998,3906550000,SP,10/5/16
2158.219971,2162.929932,2150.280029,2160.77002,3461550000,SP,10/6/16
2164.189941,2165.860107,2144.850098,2153.73999,3619890000,SP,10/7/16
2160.389893,2169.600098,2160.389893,2163.659912,2916550000,SP,10/10/16
2161.350098,2161.560059,2128.840088,2136.72998,3438270000,SP,10/11/16
2137.669922,2145.360107,2132.77002,2139.179932,2977100000,SP,10/12/16
2130.26001,2138.189941,2114.719971,2132.550049,3580450000,SP,10/13/16
2139.679932,2149.189941,2132.97998,2132.97998,3228150000,SP,10/14/16
2132.949951,2135.610107,2124.429932,2126.5,2830390000,SP,10/17/16
2138.310059,2144.379883,2135.48999,2139.600098,3170000000,SP,10/18/16
2140.810059,2148.439941,2138.149902,2144.290039,3362670000,SP,10/19/16
2142.51001,2147.179932,2133.439941,2141.340088,3337170000,SP,10/20/16
2139.429932,2142.629883,2130.090088,2141.159912,3448850000,SP,10/21/16
2148.5,2154.790039,2146.909912,2151.330078,3357320000,SP,10/24/16
2149.719971,2151.439941,2141.929932,2143.159912,3751340000,SP,10/25/16
2136.969971,2145.72998,2131.590088,2139.429932,3775200000,SP,10/26/16
2144.060059,2147.129883,2132.52002,2133.040039,4204830000,SP,10/27/16
2132.22998,2140.719971,2119.360107,2126.409912,4019510000,SP,10/28/16
2129.780029,2133.25,2125.530029,2126.149902,3922400000,SP,10/31/16
2128.679932,2131.449951,2097.850098,2111.719971,4532160000,SP,11/1/16
2109.429932,2111.76001,2094,2097.939941,4248580000,SP,11/2/16
2098.800049,2102.560059,2085.22998,2088.659912,3886740000,SP,11/3/16
2083.790039,2099.070068,2083.790039,2085.179932,3837860000,SP,11/4/16
2100.590088,2132,2100.590088,2131.52002,3736060000,SP,11/7/16
2129.919922,2146.870117,2123.560059,2139.560059,3916930000,SP,11/8/16
2131.560059,2170.100098,2125.350098,2163.26001,6264150000,SP,11/9/16
2167.48999,2182.300049,2151.169922,2167.47998,6451640000,SP,11/10/16
2162.709961,2165.919922,2152.48999,2164.449951,4988050000,SP,11/11/16
2165.639893,2171.360107,2156.080078,2164.199951,5367200000,SP,11/14/16
2168.290039,2180.840088,2166.379883,2180.389893,4543860000,SP,11/15/16
2177.530029,2179.219971,2172.199951,2176.939941,3830590000,SP,11/16/16
2178.610107,2188.060059,2176.649902,2187.120117,3809160000,SP,11/17/16
2186.850098,2189.889893,2180.379883,2181.899902,3572400000,SP,11/18/16
2186.429932,2198.699951,2186.429932,2198.179932,3607010000,SP,11/21/16
2201.560059,2204.800049,2194.51001,2202.939941,3957940000,SP,11/22/16
2198.550049,2204.719971,2194.51001,2204.719971,3418640000,SP,11/23/16
2206.27002,2213.350098,2206.27002,2213.350098,1584600000,SP,11/25/16
2210.209961,2211.139893,2200.360107,2201.719971,3505650000,SP,11/28/16
2200.76001,2210.459961,2198.149902,2204.659912,3706560000,SP,11/29/16
2204.969971,2214.100098,2198.810059,2198.810059,5533980000,SP,11/30/16
2200.169922,2202.600098,2187.439941,2191.080078,5063740000,SP,12/1/16
2191.120117,2197.949951,2188.370117,2191.949951,3779500000,SP,12/2/16
2200.649902,2209.419922,2199.969971,2204.709961,3895230000,SP,12/5/16
2207.26001,2212.780029,2202.209961,2212.22998,3855320000,SP,12/6/16
2210.719971,2241.629883,2208.929932,2241.350098,4501820000,SP,12/7/16
2241.129883,2251.689941,2237.570068,2246.189941,4200580000,SP,12/8/16
2249.72998,2259.800049,2249.22998,2259.530029,3884480000,SP,12/9/16
2258.830078,2264.030029,2252.370117,2256.959961,4034510000,SP,12/12/16
2263.320068,2277.530029,2263.320068,2271.719971,3857590000,SP,12/13/16
2268.350098,2276.199951,2248.439941,2253.280029,4406970000,SP,12/14/16
2253.77002,2272.120117,2253.77002,2262.030029,4168200000,SP,12/15/16
2266.810059,2268.050049,2254.23999,2258.070068,5920340000,SP,12/16/16
2259.23999,2267.469971,2258.209961,2262.530029,3248370000,SP,12/19/16
2266.5,2272.560059,2266.139893,2270.76001,3298780000,SP,12/20/16
2270.540039,2271.22998,2265.149902,2265.179932,2852230000,SP,12/21/16
2262.929932,2263.179932,2256.080078,2260.959961,2876320000,SP,12/22/16
2260.25,2263.790039,2258.840088,2263.790039,2020550000,SP,12/23/16
2266.22998,2273.820068,2266.149902,2268.879883,1987080000,SP,12/27/16
2270.22998,2271.310059,2249.110107,2249.919922,2392360000,SP,12/28/16
2249.5,2254.51001,2244.560059,2249.26001,2336370000,SP,12/29/16
2251.610107,2253.580078,2233.620117,2238.830078,2670900000,SP,12/30/16
2251.570068,2263.879883,2245.129883,2257.830078,3770530000,SP,1/3/17
2261.600098,2272.820068,2261.600098,2270.75,3764890000,SP,1/4/17
2268.179932,2271.5,2260.449951,2269,3761820000,SP,1/5/17
2271.139893,2282.100098,2264.060059,2276.97998,3339890000,SP,1/6/17
2273.590088,2275.48999,2268.899902,2268.899902,3217610000,SP,1/9/17
2269.719971,2279.27002,2265.27002,2268.899902,3638790000,SP,1/10/17
2268.600098,2275.320068,2260.830078,2275.320068,3620410000,SP,1/11/17
2271.139893,2271.780029,2254.25,2270.439941,3462130000,SP,1/12/17
2272.73999,2278.679932,2271.51001,2274.639893,3081270000,SP,1/13/17
2269.139893,2272.080078,2262.810059,2267.889893,3584990000,SP,1/17/17
2269.139893,2272.01001,2263.350098,2271.889893,3315250000,SP,1/18/17
2271.899902,2274.330078,2258.409912,2263.689941,3165970000,SP,1/19/17
2269.959961,2276.959961,2265.01001,2271.310059,3524970000,SP,1/20/17
2267.780029,2271.780029,2257.02002,2265.199951,3152710000,SP,1/23/17
2267.879883,2284.629883,2266.679932,2280.070068,3810960000,SP,1/24/17
2288.879883,2299.550049,2288.879883,2298.370117,3846020000,SP,1/25/17
2298.629883,2300.98999,2294.080078,2296.679932,3610360000,SP,1/26/17
2299.02002,2299.02002,2291.620117,2294.689941,3135890000,SP,1/27/17
2286.01001,2286.01001,2268.040039,2280.899902,3591270000,SP,1/30/17
2274.02002,2279.090088,2267.209961,2278.870117,4087450000,SP,1/31/17
2285.590088,2289.139893,2272.439941,2279.550049,3916610000,SP,2/1/17
2276.689941,2283.969971,2271.649902,2280.850098,3807710000,SP,2/2/17
2288.540039,2298.310059,2287.879883,2297.419922,3597970000,SP,2/3/17
2294.280029,2296.179932,2288.570068,2292.560059,3109050000,SP,2/6/17
2295.870117,2299.399902,2290.159912,2293.080078,3448690000,SP,2/7/17
2289.550049,2295.909912,2285.379883,2294.669922,3609740000,SP,2/8/17
2296.699951,2311.080078,2296.610107,2307.870117,3677940000,SP,2/9/17
2312.27002,2319.22998,2311.100098,2316.100098,3475020000,SP,2/10/17
2321.719971,2331.580078,2321.419922,2328.25,3349730000,SP,2/13/17
2326.120117,2337.580078,2322.169922,2337.580078,3520910000,SP,2/14/17
2335.580078,2351.300049,2334.810059,2349.25,3775590000,SP,2/15/17
2349.639893,2351.310059,2338.870117,2347.219971,3672370000,SP,2/16/17
2343.01001,2351.159912,2339.580078,2351.159912,3513060000,SP,2/17/17
2354.909912,2366.709961,2354.909912,2365.379883,3579780000,SP,2/21/17
2361.110107,2365.129883,2358.340088,2362.820068,3468670000,SP,2/22/17
2367.5,2368.26001,2355.090088,2363.810059,4015260000,SP,2/23/17
2355.72998,2367.340088,2352.870117,2367.340088,3831570000,SP,2/24/17
2365.22998,2371.540039,2361.870117,2369.75,3582610000,SP,2/27/17
2366.080078,2367.790039,2358.959961,2363.639893,4210140000,SP,2/28/17
2380.129883,2400.97998,2380.129883,2395.959961,4345180000,SP,3/1/17
2394.75,2394.75,2380.169922,2381.919922,3821320000,SP,3/2/17
2380.919922,2383.889893,2375.389893,2383.120117,3555260000,SP,3/3/17
2375.22998,2378.800049,2367.97998,2375.310059,3232700000,SP,3/6/17
2370.73999,2375.120117,2365.51001,2368.389893,3518390000,SP,3/7/17
2369.810059,2373.090088,2361.01001,2362.97998,3812100000,SP,3/8/17
2363.48999,2369.080078,2354.540039,2364.870117,3716340000,SP,3/9/17
2372.52002,2376.860107,2363.040039,2372.600098,3432950000,SP,3/10/17
2371.560059,2374.419922,2368.52002,2373.469971,3133900000,SP,3/13/17
2368.550049,2368.550049,2358.179932,2365.449951,3172630000,SP,3/14/17
2370.340088,2390.01001,2368.939941,2385.26001,3906840000,SP,3/15/17
2387.709961,2388.100098,2377.179932,2381.379883,3365660000,SP,3/16/17
2383.709961,2385.709961,2377.639893,2378.25,5178040000,SP,3/17/17
2378.23999,2379.550049,2369.659912,2373.469971,3054930000,SP,3/20/17
2379.320068,2381.929932,2341.899902,2344.02002,4265590000,SP,3/21/17
2343,2351.810059,2336.449951,2348.449951,3572730000,SP,3/22/17
2345.969971,2358.919922,2342.129883,2345.959961,3260600000,SP,3/23/17
2350.419922,2356.219971,2335.73999,2343.97998,2975130000,SP,3/24/17
2329.110107,2344.899902,2322.25,2341.590088,3240230000,SP,3/27/17
2339.790039,2363.780029,2337.629883,2358.570068,3367780000,SP,3/28/17
2356.540039,2363.360107,2352.939941,2361.129883,3106940000,SP,3/29/17
2361.310059,2370.419922,2358.580078,2368.060059,3158420000,SP,3/30/17
2364.820068,2370.350098,2362.600098,2362.719971,3354110000,SP,3/31/17
2362.340088,2365.870117,2344.72998,2358.840088,3416400000,SP,4/3/17
2354.76001,2360.530029,2350.719971,2360.159912,3206240000,SP,4/4/17
2366.590088,2378.360107,2350.52002,2352.949951,3770520000,SP,4/5/17
2353.790039,2364.159912,2348.899902,2357.48999,3201920000,SP,4/6/17
2356.590088,2363.76001,2350.73999,2355.540039,3053150000,SP,4/7/17
2357.159912,2366.370117,2351.5,2357.159912,2785410000,SP,4/10/17
2353.919922,2355.219971,2337.25,2353.780029,3117420000,SP,4/11/17
2352.149902,2352.719971,2341.179932,2344.929932,3196950000,SP,4/12/17
2341.97998,2348.26001,2328.949951,2328.949951,3143890000,SP,4/13/17
2332.620117,2349.139893,2332.51001,2349.01001,2824710000,SP,4/17/17
2342.530029,2348.350098,2334.540039,2342.189941,3269840000,SP,4/18/17
2346.790039,2352.629883,2335.050049,2338.169922,3519900000,SP,4/19/17
2342.689941,2361.370117,2340.909912,2355.840088,3647420000,SP,4/20/17
2354.73999,2356.179932,2344.51001,2348.689941,3503360000,SP,4/21/17
2370.330078,2376.97998,2369.189941,2374.149902,3690650000,SP,4/24/17
2381.51001,2392.47998,2381.149902,2388.610107,3995240000,SP,4/25/17
2388.97998,2398.159912,2386.780029,2387.449951,4105920000,SP,4/26/17
2389.699951,2392.100098,2382.679932,2388.77002,4098460000,SP,4/27/17
2393.679932,2393.679932,2382.360107,2384.199951,3718270000,SP,4/28/17
2388.5,2394.48999,2384.830078,2388.330078,3199240000,SP,5/1/17
2391.050049,2392.929932,2385.820068,2391.169922,3813680000,SP,5/2/17
2386.5,2389.820068,2379.75,2388.129883,3893990000,SP,5/3/17
2389.790039,2391.429932,2380.350098,2389.52002,4362540000,SP,5/4/17
2392.370117,2399.290039,2389.379883,2399.290039,3540140000,SP,5/5/17
2399.939941,2401.360107,2393.919922,2399.379883,3429440000,SP,5/8/17
2401.580078,2403.870117,2392.439941,2396.919922,3653590000,SP,5/9/17
2396.790039,2399.73999,2392.790039,2399.629883,3643530000,SP,5/10/17
2394.840088,2395.719971,2381.73999,2394.439941,3727420000,SP,5/11/17
2392.439941,2392.439941,2387.189941,2390.899902,3305630000,SP,5/12/17
2393.97998,2404.050049,2393.939941,2402.320068,3473600000,SP,5/15/17
2404.550049,2405.77002,2396.050049,2400.669922,3420790000,SP,5/16/17
2382.949951,2384.870117,2356.209961,2357.030029,4163000000,SP,5/17/17
2354.689941,2375.73999,2352.719971,2365.719971,4319420000,SP,5/18/17
2371.370117,2389.060059,2370.429932,2381.72998,3825160000,SP,5/19/17
2387.209961,2395.459961,2386.919922,2394.02002,3172830000,SP,5/22/17
2397.040039,2400.850098,2393.879883,2398.419922,3213570000,SP,5/23/17
2401.409912,2405.580078,2397.98999,2404.389893,3389900000,SP,5/24/17
2409.540039,2418.709961,2408.01001,2415.070068,3535390000,SP,5/25/17
2414.5,2416.679932,2412.199951,2415.820068,2805040000,SP,5/26/17
2411.669922,2415.26001,2409.429932,2412.909912,3203160000,SP,5/30/17
2415.629883,2415.98999,2403.590088,2411.800049,4516110000,SP,5/31/17
2415.649902,2430.060059,2413.540039,2430.060059,3857140000,SP,6/1/17
2431.280029,2440.22998,2427.709961,2439.070068,3461680000,SP,6/2/17
2437.830078,2439.550049,2434.320068,2436.100098,2912600000,SP,6/5/17
2431.919922,2436.209961,2428.120117,2429.330078,3357840000,SP,6/6/17
2432.030029,2435.280029,2424.75,2433.139893,3572300000,SP,6/7/17
2434.27002,2439.27002,2427.939941,2433.790039,3728860000,SP,6/8/17
2436.389893,2446.199951,2415.699951,2431.77002,4027340000,SP,6/9/17
2425.879883,2430.379883,2419.969971,2429.389893,4027750000,SP,6/12/17
2434.149902,2441.48999,2431.280029,2440.350098,3275500000,SP,6/13/17
2443.75,2443.75,2428.340088,2437.919922,3555590000,SP,6/14/17
2424.139893,2433.949951,2418.530029,2432.459961,3353050000,SP,6/15/17
2431.23999,2433.149902,2422.879883,2433.149902,5284720000,SP,6/16/17
2442.550049,2453.820068,2441.790039,2453.459961,3264700000,SP,6/19/17
2450.659912,2450.659912,2436.600098,2437.030029,3416510000,SP,6/20/17
2439.310059,2442.22998,2430.73999,2435.610107,3594820000,SP,6/21/17
2437.399902,2441.620117,2433.27002,2434.5,3468210000,SP,6/22/17
2434.649902,2441.399902,2431.110107,2438.300049,5278330000,SP,6/23/17
2443.320068,2450.419922,2437.030029,2439.070068,3238970000,SP,6/26/17
2436.340088,2440.149902,2419.379883,2419.379883,3563910000,SP,6/27/17
2428.699951,2442.969971,2428.02002,2440.689941,3500800000,SP,6/28/17
2442.379883,2442.72998,2405.699951,2419.699951,3900280000,SP,6/29/17
2429.199951,2432.709961,2421.649902,2423.409912,3361590000,SP,6/30/17
2431.389893,2439.169922,2428.689941,2429.01001,1962290000,SP,7/3/17
2430.780029,2434.899902,2422.050049,2432.540039,3367220000,SP,7/5/17
2423.439941,2424.280029,2407.699951,2409.75,3364520000,SP,7/6/17
2413.52002,2426.919922,2413.52002,2425.179932,2901330000,SP,7/7/17
2424.51001,2432,2422.27002,2427.429932,2999130000,SP,7/10/17
2427.350098,2429.300049,2412.790039,2425.530029,3106750000,SP,7/11/17
2435.75,2445.76001,2435.75,2443.25,3171620000,SP,7/12/17
2444.98999,2449.320068,2441.689941,2447.830078,3067670000,SP,7/13/17
2449.159912,2463.540039,2446.689941,2459.27002,2736640000,SP,7/14/17
2459.5,2462.820068,2457.159912,2459.139893,2793170000,SP,7/17/17
2455.879883,2460.919922,2450.340088,2460.610107,2962130000,SP,7/18/17
2463.850098,2473.830078,2463.850098,2473.830078,3059760000,SP,7/19/17
2475.560059,2477.620117,2468.429932,2473.449951,3182780000,SP,7/20/17
2467.399902,2472.540039,2465.060059,2472.540039,3059570000,SP,7/21/17
2472.040039,2473.100098,2466.320068,2469.909912,3010240000,SP,7/24/17
2477.879883,2481.23999,2474.909912,2477.129883,4108060000,SP,7/25/17
2479.969971,2481.689941,2474.939941,2477.830078,3557020000,SP,7/26/17
2482.76001,2484.040039,2459.929932,2475.419922,3995520000,SP,7/27/17
2469.120117,2473.530029,2464.659912,2472.100098,3294770000,SP,7/28/17
2475.939941,2477.959961,2468.530029,2470.300049,3469210000,SP,7/31/17
2477.100098,2478.51001,2471.139893,2476.350098,3460860000,SP,8/1/17
2480.379883,2480.379883,2466.47998,2477.570068,3478580000,SP,8/2/17
2476.030029,2476.030029,2468.850098,2472.159912,3645020000,SP,8/3/17
2476.879883,2480,2472.080078,2476.830078,3235140000,SP,8/4/17
2477.139893,2480.949951,2475.879883,2480.909912,2931780000,SP,8/7/17
2478.350098,2490.870117,2470.320068,2474.919922,3344640000,SP,8/8/17
2465.350098,2474.409912,2462.080078,2474.02002,3308060000,SP,8/9/17
2465.379883,2465.379883,2437.75,2438.209961,3621070000,SP,8/10/17
2441.040039,2448.090088,2437.850098,2441.320068,3159930000,SP,8/11/17
2454.959961,2468.219971,2454.959961,2465.840088,2822550000,SP,8/14/17
2468.659912,2468.899902,2461.610107,2464.610107,2913100000,SP,8/15/17
2468.629883,2474.929932,2463.860107,2468.110107,2953650000,SP,8/16/17
2462.949951,2465.02002,2430.01001,2430.01001,3142620000,SP,8/17/17
2427.639893,2440.27002,2420.689941,2425.550049,3415680000,SP,8/18/17
2425.5,2430.580078,2417.350098,2428.370117,2788150000,SP,8/21/17
2433.75,2454.77002,2433.669922,2452.51001,2777490000,SP,8/22/17
2444.879883,2448.909912,2441.419922,2444.040039,2785290000,SP,8/23/17
2447.909912,2450.389893,2436.189941,2438.969971,2846590000,SP,8/24/17
2444.719971,2453.959961,2442.219971,2443.050049,2588780000,SP,8/25/17
2447.350098,2449.120117,2439.030029,2444.23999,2677700000,SP,8/28/17
2431.939941,2449.189941,2428.199951,2446.300049,2737580000,SP,8/29/17
2446.060059,2460.310059,2443.77002,2457.590088,2633660000,SP,8/30/17
2462.649902,2475.01001,2462.649902,2471.649902,3348110000,SP,8/31/17
2474.419922,2480.379883,2473.850098,2476.550049,2710730000,SP,9/1/17
2470.350098,2471.969971,2446.550049,2457.850098,3490260000,SP,9/5/17
2463.830078,2469.639893,2459.199951,2465.540039,3374410000,SP,9/6/17
2468.060059,2468.620117,2460.290039,2465.100098,3353930000,SP,9/7/17
2462.25,2467.110107,2459.399902,2461.429932,3302490000,SP,9/8/17
2474.52002,2488.949951,2474.52002,2488.110107,3291760000,SP,9/11/17
2491.939941,2496.77002,2490.370117,2496.47998,3230920000,SP,9/12/17
2493.889893,2498.370117,2492.139893,2498.370117,3368050000,SP,9/13/17
2494.560059,2498.429932,2491.350098,2495.620117,3414460000,SP,9/14/17
2495.669922,2500.22998,2493.159912,2500.22998,4853170000,SP,9/15/17
2502.51001,2508.320068,2499.919922,2503.870117,3194300000,SP,9/18/17
2506.290039,2507.840088,2503.189941,2506.649902,3249100000,SP,9/19/17
2506.840088,2508.850098,2496.669922,2508.23999,3530010000,SP,9/20/17
2507.159912,2507.159912,2499,2500.600098,2930860000,SP,9/21/17
2497.26001,2503.469971,2496.540039,2502.219971,2865960000,SP,9/22/17
2499.389893,2502.540039,2488.030029,2496.659912,3297890000,SP,9/25/17
2501.040039,2503.51001,2495.120117,2496.840088,3043110000,SP,9/26/17
2503.300049,2511.75,2495.909912,2507.040039,3456030000,SP,9/27/17
2503.409912,2510.810059,2502.929932,2510.060059,3168620000,SP,9/28/17
2509.959961,2519.439941,2507.98999,2519.360107,3211920000,SP,9/29/17
2521.199951,2529.22998,2520.399902,2529.120117,3199730000,SP,10/2/17
2530.340088,2535.129883,2528.850098,2534.580078,3068850000,SP,10/3/17
2533.47998,2540.530029,2531.800049,2537.73999,3017120000,SP,10/4/17
2540.860107,2552.51001,2540.02002,2552.070068,3045120000,SP,10/5/17
2547.439941,2549.409912,2543.790039,2549.330078,2884570000,SP,10/6/17
2551.389893,2551.820068,2541.600098,2544.72998,2483970000,SP,10/9/17
2549.98999,2555.22998,2544.860107,2550.639893,2960500000,SP,10/10/17
2550.620117,2555.23999,2547.949951,2555.23999,2976090000,SP,10/11/17
2552.879883,2555.330078,2548.310059,2550.929932,3151510000,SP,10/12/17
2555.659912,2557.649902,2552.090088,2553.169922,3149440000,SP,10/13/17
2555.570068,2559.469971,2552.639893,2557.639893,2916020000,SP,10/16/17
2557.169922,2559.709961,2554.689941,2559.360107,2889390000,SP,10/17/17
2562.870117,2564.110107,2559.669922,2561.26001,2998090000,SP,10/18/17
2553.389893,2562.360107,2547.919922,2562.100098,2990710000,SP,10/19/17
2567.560059,2575.439941,2567.560059,2575.209961,3384650000,SP,10/20/17
2578.080078,2578.290039,2564.330078,2564.97998,3211710000,SP,10/23/17
2568.659912,2572.179932,2565.580078,2569.129883,3427330000,SP,10/24/17
2566.52002,2567.399902,2544,2557.149902,3874510000,SP,10/25/17
2560.080078,2567.070068,2559.800049,2560.399902,3869050000,SP,10/26/17
2570.26001,2582.97998,2565.939941,2581.070068,3887110000,SP,10/27/17
2577.75,2580.030029,2568.25,2572.830078,3658870000,SP,10/30/17
2575.98999,2578.290039,2572.149902,2575.26001,3827230000,SP,10/31/17
2583.209961,2588.399902,2574.919922,2579.360107,3813180000,SP,11/1/17
2579.459961,2581.110107,2566.169922,2579.850098,4048270000,SP,11/2/17
2581.929932,2588.419922,2576.77002,2587.840088,3567710000,SP,11/3/17
2587.469971,2593.379883,2585.659912,2591.129883,3539080000,SP,11/6/17
2592.110107,2597.02002,2584.350098,2590.639893,3809650000,SP,11/7/17
2588.709961,2595.469971,2585.02002,2594.379883,3899360000,SP,11/8/17
2584,2586.5,2566.330078,2584.620117,3831610000,SP,11/9/17
2580.179932,2583.810059,2575.570068,2582.300049,3486910000,SP,11/10/17
2576.530029,2587.659912,2574.47998,2584.840088,3402930000,SP,11/13/17
2577.75,2579.659912,2566.560059,2578.870117,3641760000,SP,11/14/17
2569.449951,2572.840088,2557.449951,2564.620117,3558890000,SP,11/15/17
2572.949951,2590.090088,2572.949951,2585.639893,3312710000,SP,11/16/17
2582.939941,2583.959961,2577.620117,2578.850098,3300160000,SP,11/17/17
2579.48999,2584.639893,2578.23999,2582.139893,3003540000,SP,11/20/17
2589.169922,2601.189941,2589.169922,2599.030029,3332720000,SP,11/21/17
2600.310059,2600.939941,2595.22998,2597.080078,2762950000,SP,11/22/17
2600.419922,2604.209961,2600.419922,2602.419922,1349780000,SP,11/24/17
2602.659912,2606.409912,2598.870117,2601.419922,3006860000,SP,11/27/17
2605.939941,2627.689941,2605.439941,2627.040039,3488420000,SP,11/28/17
2627.820068,2634.889893,2620.320068,2626.070068,4078280000,SP,11/29/17
2633.929932,2657.73999,2633.929932,2647.580078,4938490000,SP,11/30/17
2645.100098,2650.620117,2605.52002,2642.219971,3942320000,SP,12/1/17
2657.189941,2665.189941,2639.030029,2639.439941,4023150000,SP,12/4/17
2639.780029,2648.719971,2627.72998,2629.570068,3539040000,SP,12/5/17
2626.23999,2634.409912,2624.75,2629.27002,3229000000,SP,12/6/17
2628.379883,2640.98999,2626.530029,2636.97998,3292400000,SP,12/7/17
2646.209961,2651.649902,2644.100098,2651.5,3106150000,SP,12/8/17
2652.189941,2660.330078,2651.469971,2659.98999,3091950000,SP,12/11/17
2661.72998,2669.719971,2659.780029,2664.110107,3555680000,SP,12/12/17
2667.590088,2671.879883,2662.850098,2662.850098,3542370000,SP,12/13/17
2665.870117,2668.090088,2652.01001,2652.01001,3430030000,SP,12/14/17
2660.629883,2679.629883,2659.139893,2675.810059,5723920000,SP,12/15/17
2685.919922,2694.969971,2685.919922,2690.159912,3724660000,SP,12/18/17
2692.709961,2694.439941,2680.73999,2681.469971,3368590000,SP,12/19/17
2688.179932,2691.01001,2676.110107,2679.25,3241030000,SP,12/20/17
2683.02002,2692.639893,2682.399902,2684.570068,3273390000,SP,12/21/17
2684.219971,2685.350098,2678.129883,2683.340088,2399830000,SP,12/22/17
2679.090088,2682.73999,2677.959961,2680.5,1968780000,SP,12/26/17
2682.100098,2685.639893,2678.909912,2682.620117,2202080000,SP,12/27/17
2686.100098,2687.659912,2682.689941,2687.540039,2153330000,SP,12/28/17
2689.149902,2692.120117,2673.610107,2673.610107,2443490000,SP,12/29/17
2683.72998,2695.889893,2682.360107,2695.810059,3367250000,SP,1/2/18
2697.850098,2714.370117,2697.77002,2713.060059,3538660000,SP,1/3/18
2719.310059,2729.290039,2719.070068,2723.98999,3695260000,SP,1/4/18
2731.330078,2743.449951,2727.919922,2743.149902,3236620000,SP,1/5/18
2742.669922,2748.51001,2737.600098,2747.709961,3242650000,SP,1/8/18
2751.149902,2759.139893,2747.860107,2751.290039,3453480000,SP,1/9/18
2745.550049,2750.800049,2736.060059,2748.22998,3576350000,SP,1/10/18
2752.969971,2767.560059,2752.780029,2767.560059,3641320000,SP,1/11/18
2770.179932,2787.850098,2769.639893,2786.23999,3573970000,SP,1/12/18
2798.959961,2807.540039,2768.639893,2776.419922,4325970000,SP,1/16/18
2784.98999,2807.040039,2778.379883,2802.560059,3778050000,SP,1/17/18
2802.399902,2805.830078,2792.560059,2798.030029,3681470000,SP,1/18/18
2802.600098,2810.330078,2798.080078,2810.300049,3639430000,SP,1/19/18
2809.159912,2833.030029,2808.120117,2832.969971,3471780000,SP,1/22/18
2835.050049,2842.23999,2830.590088,2839.129883,3519650000,SP,1/23/18
2845.419922,2852.969971,2824.810059,2837.540039,4014070000,SP,1/24/18
2846.23999,2848.560059,2830.939941,2839.25,3835150000,SP,1/25/18
2847.47998,2872.870117,2846.179932,2872.870117,3443230000,SP,1/26/18
2867.22998,2870.620117,2851.47998,2853.530029,3573830000,SP,1/29/18
2832.73999,2837.75,2818.27002,2822.429932,3990650000,SP,1/30/18
2832.409912,2839.26001,2813.040039,2823.810059,4261280000,SP,1/31/18
2816.449951,2835.959961,2812.699951,2821.97998,3938450000,SP,2/1/18
2808.919922,2808.919922,2759.969971,2762.129883,4301130000,SP,2/2/18
2741.060059,2763.389893,2638.169922,2648.939941,5283460000,SP,2/5/18
2614.780029,2701.040039,2593.070068,2695.139893,5891660000,SP,2/6/18
2690.949951,2727.669922,2681.330078,2681.659912,4626570000,SP,2/7/18
2685.01001,2685.27002,2580.560059,2581,5305440000,SP,2/8/18
2601.780029,2638.669922,2532.689941,2619.550049,5680070000,SP,2/9/18
2636.75,2672.610107,2622.449951,2656,4055790000,SP,2/12/18
2646.27002,2668.840088,2637.080078,2662.939941,3472870000,SP,2/13/18
2651.209961,2702.100098,2648.870117,2698.629883,4003740000,SP,2/14/18
2713.459961,2731.51001,2689.820068,2731.199951,3684910000,SP,2/15/18
2727.139893,2754.419922,2725.110107,2732.219971,3637460000,SP,2/16/18
2722.98999,2737.600098,2706.76001,2716.26001,3627610000,SP,2/20/18
2720.530029,2747.75,2701.290039,2701.330078,3779400000,SP,2/21/18
2710.419922,2731.26001,2697.77002,2703.959961,3701270000,SP,2/22/18
2715.800049,2747.76001,2713.73999,2747.300049,3189190000,SP,2/23/18
2757.370117,2780.639893,2753.780029,2779.600098,3424650000,SP,2/26/18
2780.449951,2789.149902,2744.219971,2744.280029,3745080000,SP,2/27/18
2753.780029,2761.52002,2713.540039,2713.830078,4230660000,SP,2/28/18
2715.219971,2730.889893,2659.649902,2677.669922,4503970000,SP,3/1/18
2658.889893,2696.25,2647.320068,2691.25,3882450000,SP,3/2/18
2681.060059,2728.090088,2675.75,2720.939941,3710810000,SP,3/5/18
2730.179932,2732.080078,2711.26001,2728.120117,3370690000,SP,3/6/18
2710.179932,2730.600098,2701.73999,2726.800049,3393270000,SP,3/7/18
2732.75,2740.449951,2722.649902,2738.969971,3212320000,SP,3/8/18
2752.909912,2786.570068,2751.540039,2786.570068,3364100000,SP,3/9/18
2790.540039,2796.97998,2779.26001,2783.02002,3185020000,SP,3/12/18
2792.310059,2801.899902,2758.679932,2765.310059,3301650000,SP,3/13/18
2774.060059,2777.110107,2744.379883,2749.47998,3391360000,SP,3/14/18
2754.27002,2763.030029,2741.469971,2747.330078,3500330000,SP,3/15/18
2750.570068,2761.850098,2749.969971,2752.01001,5372340000,SP,3/16/18
2741.379883,2741.379883,2694.590088,2712.919922,3282130000,SP,3/19/18
2715.050049,2724.219971,2710.050049,2716.939941,3261030000,SP,3/20/18
2714.98999,2739.139893,2709.790039,2711.929932,3415510000,SP,3/21/18
2691.360107,2695.679932,2641.590088,2643.689941,3739800000,SP,3/22/18
2646.709961,2657.669922,2585.889893,2588.26001,3815080000,SP,3/23/18
2619.350098,2661.360107,2601.810059,2658.550049,3511100000,SP,3/26/18
2667.570068,2674.780029,2596.120117,2612.620117,3706350000,SP,3/27/18
2611.300049,2632.649902,2593.060059,2605,3864500000,SP,3/28/18
2614.409912,2659.070068,2609.719971,2640.870117,3565990000,SP,3/29/18
2633.449951,2638.300049,2553.800049,2581.879883,3598520000,SP,4/2/18
2592.169922,2619.139893,2575.48999,2614.449951,3392810000,SP,4/3/18
2584.040039,2649.860107,2573.610107,2644.689941,3350340000,SP,4/4/18
2657.360107,2672.080078,2649.580078,2662.840088,3178970000,SP,4/5/18
2645.820068,2656.879883,2586.27002,2604.469971,3299700000,SP,4/6/18
2617.179932,2653.550049,2610.790039,2613.159912,3062960000,SP,4/9/18
2638.409912,2665.449951,2635.780029,2656.870117,3543930000,SP,4/10/18
2643.889893,2661.429932,2639.25,2642.189941,3020760000,SP,4/11/18
2653.830078,2674.719971,2653.830078,2663.98999,3021320000,SP,4/12/18
2676.899902,2680.26001,2645.050049,2656.300049,2960910000,SP,4/13/18