Close,Open,High,Low,Volume,ticker,date
2.825,2.827,2.849,2.816,-0.01,rf,4/13/18
2.843,2.783,2.843,2.772,0.02,rf,4/12/18
2.779,2.803,2.805,2.755,-0.01,rf,4/11/18
2.801,2.783,2.812,2.779,0.01,rf,4/10/18
2.781,2.786,2.814,2.772,0.00,rf,4/9/18
2.786,2.775,2.788,2.775,0.00,rf,4/8/18
2.775,2.817,2.83,2.768,-0.02,rf,4/6/18
2.834,2.808,2.838,2.805,0.01,rf,4/5/18
2.808,2.773,2.81,2.748,0.01,rf,4/4/18
2.781,2.737,2.79,2.735,0.02,rf,4/3/18
2.733,2.759,2.773,2.717,-0.01,rf,4/2/18
2.761,2.755,2.763,2.755,0.01,rf,4/1/18
2.741,2.784,2.792,2.739,-0.02,rf,3/29/18
2.783,2.781,2.79,2.743,0.00,rf,3/28/18
2.775,2.854,2.859,2.77,-0.03,rf,3/27/18
2.852,2.819,2.856,2.815,0.01,rf,3/26/18
2.821,2.817,2.823,2.817,0.00,rf,3/25/18
2.813,2.806,2.852,2.792,0.00,rf,3/23/18
2.823,2.881,2.889,2.799,-0.02,rf,3/22/18
2.881,2.89,2.936,2.87,-0.01,rf,3/21/18
2.9,2.855,2.901,2.852,0.02,rf,3/20/18
2.856,2.857,2.879,2.833,0.00,rf,3/19/18
2.855,2.845,2.92,2.845,0.00,rf,3/18/18
2.845,2.83,2.859,2.81,0.01,rf,3/16/18
2.826,2.819,2.835,2.797,0.00,rf,3/15/18
2.819,2.841,2.857,2.801,-0.01,rf,3/14/18
2.844,2.872,2.883,2.83,-0.01,rf,3/13/18
2.866,2.905,2.91,2.863,-0.01,rf,3/12/18
2.905,2.896,2.908,2.896,0.00,rf,3/11/18
2.896,2.872,2.914,2.868,0.01,rf,3/9/18
2.857,2.885,2.892,2.848,-0.01,rf,3/8/18
2.881,2.848,2.888,2.842,0.00,rf,3/7/18
2.886,2.88,2.906,2.857,0.00,rf,3/6/18
2.883,2.85,2.897,2.81,0.01,rf,3/5/18
2.848,2.85,2.85,2.846,-0.01,rf,3/4/18
2.868,2.819,2.87,2.793,0.02,rf,3/2/18
2.811,2.866,2.875,2.795,-0.02,rf,3/1/18
2.864,2.901,2.912,2.862,-0.01,rf,2/28/18
2.901,2.861,2.925,2.85,0.01,rf,2/27/18
2.864,2.875,2.875,2.831,0.00,rf,2/26/18
2.875,2.866,2.879,2.866,0.00,rf,2/25/18
2.866,2.926,2.937,2.861,-0.02,rf,2/23/18
2.919,2.946,2.948,2.904,-0.01,rf,2/22/18
2.952,2.891,2.957,2.877,0.02,rf,2/21/18
2.891,2.891,2.928,2.884,0.00,rf,2/20/18
2.889,2.888,2.891,2.888,0.01,rf,2/19/18
2.873,2.873,2.873,2.873,0.00,rf,2/18/18
2.873,2.909,2.911,2.849,-0.01,rf,2/16/18
2.906,2.909,2.944,2.882,0.00,rf,2/15/18
2.913,2.833,2.92,2.808,0.03,rf,2/14/18
2.833,2.855,2.862,2.822,-0.01,rf,2/13/18
2.858,2.902,2.902,2.828,0.00,rf,2/12/18
2.857,2.857,2.857,2.857,0.00,rf,2/11/18
2.857,2.829,2.864,2.786,0.01,rf,2/9/18
2.828,2.809,2.884,2.808,0.00,rf,2/8/18
2.834,2.803,2.861,2.758,0.01,rf,2/7/18
2.805,2.73,2.807,2.648,0.04,rf,2/6/18
2.709,2.847,2.885,2.698,-0.05,rf,2/5/18
2.845,2.841,2.849,2.841,0.00,rf,2/4/18
2.841,2.79,2.854,2.783,0.02,rf,2/2/18
2.782,2.724,2.793,2.72,0.03,rf,2/1/18
2.712,2.72,2.754,2.696,0.00,rf,1/31/18
2.724,2.703,2.733,2.681,0.01,rf,1/30/18
2.699,2.658,2.727,2.654,0.02,rf,1/29/18
2.658,2.662,2.662,2.658,0.00,rf,1/28/18
2.66,2.622,2.673,2.621,0.01,rf,1/26/18
2.624,2.65,2.676,2.615,-0.01,rf,1/25/18
2.648,2.611,2.665,2.609,0.01,rf,1/24/18
2.617,2.656,2.659,2.611,-0.01,rf,1/23/18
2.656,2.661,2.672,2.632,0.00,rf,1/22/18
2.663,2.661,2.665,2.659,0.00,rf,1/21/18
2.661,2.624,2.663,2.613,0.01,rf,1/19/18
2.624,2.59,2.627,2.585,0.01,rf,1/18/18
2.587,2.533,2.592,2.532,0.02,rf,1/17/18
2.539,2.553,2.563,2.522,-0.01,rf,1/16/18
2.552,2.55,2.552,2.55,0.00,rf,1/15/18
2.55,2.549,2.594,2.542,0.01,rf,1/12/18
2.537,2.553,2.57,2.526,-0.01,rf,1/11/18
2.559,2.551,2.597,2.544,0.00,rf,1/10/18
2.551,2.482,2.555,2.48,0.03,rf,1/9/18
2.48,2.48,2.489,2.462,0.00,rf,1/8/18
2.476,2.476,2.476,2.476,0.00,rf,1/7/18
2.476,2.458,2.48,2.433,0.01,rf,1/5/18
2.453,2.458,2.487,2.449,0.00,rf,1/4/18
2.445,2.465,2.472,2.44,-0.01,rf,1/3/18
2.462,2.429,2.481,2.416,0.02,rf,1/2/18
2.405,2.405,2.405,2.405,0.00,rf,1/1/18
2.405,2.434,2.441,2.405,-0.01,rf,12/29/17
2.434,2.421,2.441,2.42,0.01,rf,12/28/17
2.413,2.477,2.479,2.407,-0.02,rf,12/27/17
2.474,2.492,2.497,2.459,-0.01,rf,12/26/17
2.492,2.488,2.496,2.488,0.00,rf,12/25/17
2.485,2.484,2.492,2.477,0.00,rf,12/22/17
2.484,2.493,2.504,2.479,-0.01,rf,12/21/17
2.497,2.457,2.503,2.446,0.02,rf,12/20/17
2.459,2.398,2.472,2.389,0.03,rf,12/19/17
2.394,2.369,2.398,2.364,0.01,rf,12/18/17
2.369,2.362,2.369,2.362,0.01,rf,12/17/17
2.351,2.351,2.351,2.351,0.00,rf,12/16/17
2.351,2.353,2.38,2.346,0.00,rf,12/15/17
2.349,2.353,2.389,2.344,0.00,rf,12/14/17
2.348,2.399,2.426,2.344,-0.02,rf,12/13/17
2.403,2.388,2.421,2.376,0.01,rf,12/12/17
2.39,2.383,2.39,2.353,0.00,rf,12/11/17
2.385,2.378,2.387,2.378,0.00,rf,12/10/17
2.378,2.374,2.392,2.362,0.01,rf,12/8/17
2.362,2.34,2.376,2.322,0.01,rf,12/7/17
2.34,2.356,2.363,2.314,-0.01,rf,12/6/17
2.353,2.378,2.395,2.353,-0.01,rf,12/5/17
2.372,2.421,2.421,2.371,-0.02,rf,12/4/17
2.421,2.412,2.421,2.41,0.02,rf,12/3/17
2.363,2.411,2.424,2.315,-0.02,rf,12/1/17
2.415,2.386,2.437,2.379,0.01,rf,11/30/17
2.388,2.331,2.395,2.321,0.03,rf,11/29/17
2.326,2.331,2.342,2.31,0.00,rf,11/28/17
2.331,2.342,2.354,2.324,0.00,rf,11/27/17
2.342,2.345,2.345,2.342,0.00,rf,11/26/17
2.34,2.326,2.352,2.324,0.01,rf,11/24/17
2.326,2.326,2.328,2.324,0.00,rf,11/23/17
2.321,2.352,2.375,2.319,-0.02,rf,11/22/17
2.358,2.359,2.374,2.335,0.00,rf,11/21/17
2.368,2.34,2.372,2.324,0.01,rf,11/20/17
2.338,2.335,2.34,2.335,0.00,rf,11/19/17
2.345,2.374,2.377,2.336,-0.01,rf,11/17/17
2.375,2.324,2.379,2.322,0.02,rf,11/16/17
2.326,2.374,2.375,2.319,-0.02,rf,11/15/17
2.375,2.402,2.414,2.372,-0.01,rf,11/14/17
2.407,2.4,2.411,2.37,0.00,rf,11/13/17
2.398,2.402,2.402,2.397,0.00,rf,11/12/17
2.402,2.34,2.405,2.336,0.03,rf,11/10/17
2.34,2.326,2.345,2.315,0.00,rf,11/9/17
2.334,2.304,2.336,2.304,0.01,rf,11/8/17
2.316,2.32,2.34,2.304,0.00,rf,11/7/17
2.318,2.345,2.354,2.315,-0.01,rf,11/6/17
2.343,2.332,2.343,2.332,0.00,rf,11/5/17
2.333,2.349,2.361,2.323,-0.01,rf,11/3/17
2.349,2.37,2.379,2.336,-0.01,rf,11/2/17
2.372,2.379,2.401,2.349,0.00,rf,11/1/17
2.377,2.363,2.385,2.358,0.00,rf,10/31/17
2.37,2.403,2.414,2.367,-0.01,rf,10/30/17
2.405,2.415,2.415,2.405,0.00,rf,10/29/17
2.416,2.455,2.477,2.408,-0.02,rf,10/27/17
2.463,2.428,2.463,2.408,0.01,rf,10/26/17
2.435,2.417,2.475,2.414,0.01,rf,10/25/17
2.421,2.368,2.428,2.365,0.02,rf,10/24/17
2.37,2.394,2.397,2.363,-0.01,rf,10/23/17
2.394,2.383,2.395,2.383,0.00,rf,10/22/17
2.383,2.318,2.392,2.316,0.03,rf,10/20/17
2.318,2.343,2.346,2.298,-0.01,rf,10/19/17
2.345,2.302,2.352,2.298,0.02,rf,10/18/17
2.302,2.302,2.329,2.296,0.00,rf,10/17/17
2.305,2.289,2.312,2.278,0.01,rf,10/16/17
2.289,2.275,2.291,2.275,0.01,rf,10/15/17
2.275,2.325,2.334,2.273,-0.02,rf,10/13/17
2.321,2.346,2.348,2.318,-0.01,rf,10/12/17
2.353,2.357,2.366,2.332,0.00,rf,10/11/17
2.355,2.362,2.372,2.319,0.00,rf,10/10/17
2.361,2.361,2.364,2.361,0.00,rf,10/9/17
2.361,2.35,2.402,2.348,0.01,rf,10/6/17
2.348,2.332,2.359,2.319,0.01,rf,10/5/17
2.323,2.328,2.348,2.3,0.00,rf,10/4/17
2.325,2.343,2.364,2.321,-0.01,rf,10/3/17
2.341,2.344,2.371,2.318,0.00,rf,10/2/17
2.342,2.339,2.344,2.339,0.00,rf,10/1/17
2.339,2.314,2.341,2.296,0.01,rf,9/29/17
2.308,2.307,2.359,2.301,0.00,rf,9/28/17
2.31,2.239,2.316,2.237,0.03,rf,9/27/17
2.236,2.222,2.248,2.214,0.01,rf,9/26/17
2.222,2.26,2.262,2.214,-0.02,rf,9/25/17
2.262,2.257,2.264,2.257,0.00,rf,9/24/17
2.253,2.275,2.276,2.239,-0.01,rf,9/22/17
2.278,2.278,2.282,2.245,0.00,rf,9/21/17
2.273,2.241,2.289,2.222,0.01,rf,9/20/17
2.246,2.227,2.246,2.213,0.01,rf,9/19/17
2.234,2.207,2.237,2.207,0.01,rf,9/18/17
2.202,2.202,2.202,2.202,0.00,rf,9/17/17
2.202,2.178,2.213,2.176,0.01,rf,9/15/17
2.187,2.187,2.225,2.183,0.00,rf,9/14/17
2.193,2.165,2.201,2.153,0.01,rf,9/13/17
2.167,2.127,2.18,2.125,0.02,rf,9/12/17
2.134,2.089,2.138,2.084,0.02,rf,9/11/17
2.089,2.054,2.091,2.054,0.02,rf,9/10/17
2.054,2.044,2.075,2.016,0.01,rf,9/8/17
2.042,2.101,2.101,2.034,-0.03,rf,9/7/17
2.106,2.06,2.11,2.054,0.02,rf,9/6/17
2.063,2.134,2.148,2.061,-0.05,rf,9/5/17
2.166,2.166,2.166,2.166,0.00,rf,9/3/17
2.166,2.127,2.169,2.099,0.02,rf,9/1/17
2.12,2.143,2.154,2.119,-0.01,rf,8/31/17
2.136,2.135,2.155,2.131,0.00,rf,8/30/17
2.129,2.128,2.143,2.086,-0.01,rf,8/29/17
2.159,2.176,2.18,2.155,-0.01,rf,8/28/17
2.175,2.175,2.176,2.175,0.00,rf,8/27/17
2.169,2.194,2.203,2.162,-0.01,rf,8/25/17
2.196,2.175,2.197,2.173,0.01,rf,8/24/17
2.169,2.218,2.224,2.166,-0.02,rf,8/23/17
2.217,2.189,2.22,2.187,0.02,rf,8/22/17
2.183,2.208,2.208,2.177,-0.01,rf,8/21/17
2.21,2.197,2.21,2.197,0.01,rf,8/20/17
2.197,2.194,2.211,2.162,0.01,rf,8/18/17
2.185,2.229,2.247,2.182,-0.02,rf,8/17/17
2.225,2.269,2.285,2.22,-0.02,rf,8/16/17
2.273,2.227,2.283,2.226,0.02,rf,8/15/17
2.224,2.197,2.229,2.197,0.01,rf,8/14/17
2.199,2.191,2.201,2.191,0.00,rf,8/13/17
2.191,2.201,2.222,2.182,0.00,rf,8/11/17
2.201,2.25,2.255,2.197,-0.02,rf,8/10/17
2.249,2.253,2.258,2.212,-0.01,rf,8/9/17
2.262,2.257,2.29,2.253,0.00,rf,8/8/17
2.257,2.271,2.283,2.253,-0.01,rf,8/7/17
2.273,2.264,2.273,2.264,0.00,rf,8/6/17
2.264,2.225,2.29,2.219,0.02,rf,8/4/17
2.219,2.267,2.269,2.218,-0.02,rf,8/3/17
2.271,2.259,2.283,2.243,0.01,rf,8/2/17
2.253,2.303,2.321,2.251,-0.02,rf,8/1/17
2.296,2.282,2.305,2.273,0.01,rf,7/31/17
2.282,2.291,2.291,2.282,0.00,rf,7/30/17
2.291,2.303,2.337,2.287,-0.01,rf,7/28/17
2.319,2.284,2.328,2.275,0.01,rf,7/27/17
2.292,2.335,2.337,2.278,-0.02,rf,7/26/17
2.332,2.259,2.337,2.248,0.03,rf,7/25/17
2.257,2.23,2.261,2.229,0.01,rf,7/24/17
2.232,2.237,2.237,2.23,0.00,rf,7/23/17
2.237,2.266,2.27,2.225,-0.01,rf,7/21/17
2.257,2.268,2.275,2.238,-0.01,rf,7/20/17
2.271,2.268,2.282,2.255,0.00,rf,7/19/17
2.261,2.312,2.316,2.257,-0.02,rf,7/18/17
2.314,2.328,2.335,2.3,-0.01,rf,7/17/17
2.332,2.332,2.332,2.332,0.00,rf,7/16/17
2.332,2.352,2.357,2.279,-0.01,rf,7/14/17
2.348,2.321,2.366,2.305,0.01,rf,7/13/17
2.32,2.359,2.359,2.302,-0.02,rf,7/12/17
2.361,2.38,2.395,2.355,-0.01,rf,7/11/17
2.373,2.387,2.393,2.362,-0.01,rf,7/10/17
2.386,2.387,2.389,2.386,0.00,rf,7/9/17
2.386,2.371,2.398,2.362,0.01,rf,7/7/17
2.368,2.332,2.391,2.32,0.02,rf,7/6/17
2.327,2.336,2.357,2.321,0.00,rf,7/5/17
2.334,2.337,2.337,2.334,-0.01,rf,7/4/17
2.348,2.314,2.353,2.289,0.01,rf,7/3/17
2.316,2.304,2.318,2.304,0.01,rf,7/2/17
2.304,2.304,2.304,2.304,0.00,rf,7/1/17
2.304,2.268,2.309,2.261,0.02,rf,6/30/17
2.267,2.226,2.297,2.221,0.02,rf,6/29/17
2.226,2.2,2.258,2.195,0.01,rf,6/28/17
2.203,2.142,2.216,2.126,0.03,rf,6/27/17
2.135,2.144,2.161,2.121,-0.01,rf,6/26/17
2.146,2.144,2.146,2.144,0.00,rf,6/25/17
2.144,2.151,2.167,2.142,0.00,rf,6/23/17
2.148,2.162,2.167,2.139,-0.01,rf,6/22/17
2.165,2.164,2.177,2.144,0.00,rf,6/21/17
2.156,2.195,2.197,2.151,-0.02,rf,6/20/17
2.191,2.158,2.193,2.139,0.02,rf,6/19/17
2.157,2.155,2.157,2.155,0.00,rf,6/18/17
2.153,2.167,2.179,2.144,-0.01,rf,6/16/17
2.164,2.125,2.172,2.125,0.02,rf,6/15/17
2.127,2.211,2.211,2.103,-0.04,rf,6/14/17
2.211,2.218,2.227,2.2,0.00,rf,6/13/17
2.215,2.213,2.223,2.187,0.00,rf,6/12/17
2.211,2.202,2.213,2.202,0.00,rf,6/11/17
2.202,2.174,2.228,2.166,0.00,rf,6/9/17
2.192,2.185,2.215,2.178,0.01,rf,6/8/17
2.176,2.154,2.183,2.145,0.01,rf,6/7/17
2.145,2.18,2.18,2.129,-0.02,rf,6/6/17
2.183,2.161,2.189,2.154,0.01,rf,6/5/17
2.159,2.154,2.161,2.154,0.00,rf,6/4/17
2.159,2.217,2.224,2.144,-0.02,rf,6/2/17
2.213,2.213,2.239,2.208,0.00,rf,6/1/17
2.206,2.22,2.232,2.196,0.00,rf,5/31/17
2.208,2.245,2.248,2.208,-0.02,rf,5/30/17
2.243,2.243,2.247,2.241,0.00,rf,5/29/17
2.25,2.255,2.255,2.231,0.00,rf,5/26/17
2.255,2.257,2.269,2.243,0.00,rf,5/25/17
2.252,2.283,2.297,2.248,-0.01,rf,5/24/17
2.282,2.234,2.29,2.226,0.01,rf,5/23/17
2.252,2.245,2.256,2.238,0.00,rf,5/22/17
2.247,2.245,2.247,2.243,0.01,rf,5/21/17
2.235,2.231,2.261,2.224,0.00,rf,5/19/17
2.228,2.236,2.25,2.181,0.00,rf,5/18/17
2.223,2.298,2.306,2.212,-0.04,rf,5/17/17
2.326,2.34,2.361,2.306,-0.01,rf,5/16/17
2.343,2.326,2.352,2.32,0.01,rf,5/15/17
2.324,2.326,2.326,2.322,0.00,rf,5/14/17
2.326,2.389,2.393,2.322,-0.03,rf,5/12/17
2.393,2.4,2.423,2.389,-0.01,rf,5/11/17
2.41,2.39,2.416,2.369,0.01,rf,5/10/17
2.398,2.389,2.416,2.378,0.00,rf,5/9/17
2.389,2.361,2.39,2.327,0.01,rf,5/8/17
2.36,2.351,2.361,2.351,0.00,rf,5/7/17
2.35,2.343,2.381,2.338,0.00,rf,5/5/17
2.352,2.325,2.368,2.325,0.01,rf,5/4/17
2.322,2.293,2.327,2.279,0.02,rf,5/3/17
2.287,2.32,2.34,2.282,-0.02,rf,5/2/17
2.322,2.282,2.338,2.28,0.02,rf,5/1/17
2.28,2.289,2.289,2.275,0.00,rf,4/30/17
2.289,2.295,2.338,2.279,0.00,rf,4/28/17
2.3,2.313,2.322,2.282,0.00,rf,4/27/17
2.304,2.334,2.35,2.302,-0.01,rf,4/26/17
2.334,2.27,2.343,2.27,0.03,rf,4/25/17
2.273,2.314,2.325,2.266,0.01,rf,4/24/17
2.246,2.246,2.246,2.246,0.00,rf,4/22/17
2.246,2.243,2.25,2.209,0.00,rf,4/21/17
2.236,2.207,2.257,2.198,0.01,rf,4/20/17
2.216,2.182,2.225,2.175,0.02,rf,4/19/17
2.172,2.255,2.259,2.165,-0.03,rf,4/18/17
2.248,2.2,2.26,2.198,0.02,rf,4/17/17
2.198,2.2,2.2,2.197,-0.02,rf,4/16/17
2.232,2.248,2.271,2.218,-0.01,rf,4/13/17
2.244,2.3,2.31,2.239,-0.02,rf,4/12/17
2.298,2.353,2.357,2.293,-0.03,rf,4/11/17
2.366,2.384,2.395,2.346,-0.01,rf,4/10/17
2.382,2.384,2.386,2.38,0.00,rf,4/9/17
2.382,2.348,2.386,2.269,0.02,rf,4/7/17
2.341,2.332,2.368,2.326,0.00,rf,4/6/17
2.339,2.361,2.384,2.325,-0.01,rf,4/5/17
2.364,2.326,2.364,2.314,0.02,rf,4/4/17
2.323,2.396,2.405,2.321,-0.03,rf,4/3/17
2.395,2.396,2.398,2.395,0.00,rf,4/2/17
2.389,2.414,2.431,2.387,-0.01,rf,3/31/17
2.421,2.385,2.425,2.373,0.02,rf,3/30/17
2.38,2.425,2.427,2.378,-0.02,rf,3/29/17
2.42,2.382,2.421,2.357,0.02,rf,3/28/17
2.378,2.382,2.384,2.348,0.00,rf,3/27/17
2.384,2.418,2.418,2.378,-0.01,rf,3/26/17
2.418,2.418,2.438,2.393,0.00,rf,3/24/17
2.418,2.409,2.437,2.387,0.01,rf,3/23/17
2.403,2.414,2.425,2.375,-0.01,rf,3/22/17
2.416,2.466,2.499,2.416,-0.02,rf,3/21/17
2.463,2.508,2.513,2.463,-0.02,rf,3/20/17
2.5,2.5,2.5,2.5,0.00,rf,3/19/17
2.5,2.5,2.5,2.5,0.00,rf,3/18/17
2.501,2.544,2.544,2.49,-0.01,rf,3/17/17
2.537,2.497,2.542,2.486,0.01,rf,3/16/17
2.5,2.598,2.6,2.495,-0.04,rf,3/15/17
2.602,2.62,2.629,2.588,-0.01,rf,3/14/17
2.626,2.584,2.628,2.558,0.02,rf,3/13/17
2.582,2.575,2.586,2.575,0.00,rf,3/12/17
2.575,2.613,2.624,2.575,-0.01,rf,3/10/17
2.609,2.56,2.609,2.558,0.02,rf,3/9/17
2.56,2.52,2.583,2.507,0.02,rf,3/8/17
2.518,2.494,2.52,2.491,0.01,rf,3/7/17
2.494,2.474,2.507,2.457,0.01,rf,3/6/17
2.476,2.48,2.482,2.476,0.00,rf,3/5/17
2.482,2.483,2.521,2.471,0.00,rf,3/3/17
2.482,2.467,2.505,2.453,0.01,rf,3/2/17
2.458,2.415,2.471,2.397,0.03,rf,3/1/17
2.397,2.363,2.401,2.336,0.01,rf,2/28/17
2.367,2.324,2.37,2.317,0.02,rf,2/27/17
2.322,2.321,2.322,2.317,0.00,rf,2/26/17
2.315,2.377,2.384,2.31,-0.03,rf,2/24/17
2.376,2.417,2.42,2.372,-0.02,rf,2/23/17
2.415,2.438,2.454,2.391,-0.01,rf,2/22/17
2.431,2.436,2.461,2.413,0.00,rf,2/21/17
2.436,2.42,2.438,2.42,0.01,rf,2/20/17
2.42,2.457,2.465,2.4,-0.01,rf,2/17/17
2.447,2.499,2.499,2.438,-0.02,rf,2/16/17
2.497,2.479,2.524,2.466,0.01,rf,2/15/17
2.472,2.436,2.502,2.427,0.01,rf,2/14/17
2.436,2.423,2.452,2.416,0.00,rf,2/13/17
2.425,2.409,2.429,2.409,0.01,rf,2/12/17
2.409,2.4,2.434,2.397,0.01,rf,2/10/17
2.397,2.329,2.402,2.326,0.02,rf,2/9/17
2.34,2.397,2.402,2.325,-0.02,rf,2/8/17
2.397,2.409,2.441,2.367,-0.01,rf,2/7/17
2.417,2.472,2.472,2.406,-0.02,rf,2/6/17
2.472,2.467,2.478,2.467,0.00,rf,2/5/17
2.467,2.477,2.506,2.428,0.00,rf,2/3/17
2.474,2.477,2.481,2.433,0.00,rf,2/2/17
2.477,2.461,2.518,2.459,0.00,rf,2/1/17
2.466,2.484,2.499,2.433,-0.01,rf,1/31/17
2.49,2.479,2.499,2.462,0.00,rf,1/30/17
2.479,2.486,2.486,2.473,0.00,rf,1/29/17
2.486,2.51,2.531,2.481,-0.01,rf,1/27/17
2.512,2.51,2.555,2.5,0.00,rf,1/26/17
2.515,2.458,2.538,2.449,0.02,rf,1/25/17
2.465,2.406,2.473,2.388,0.03,rf,1/24/17
2.401,2.441,2.476,2.381,-0.02,rf,1/23/17
2.439,2.467,2.467,2.439,-0.01,rf,1/22/17
2.467,2.474,2.513,2.45,0.00,rf,1/20/17
2.47,2.428,2.496,2.413,0.02,rf,1/19/17
2.428,2.333,2.433,2.329,0.04,rf,1/18/17
2.325,2.376,2.376,2.305,-0.02,rf,1/17/17
2.378,2.398,2.398,2.374,-0.01,rf,1/16/17
2.398,2.363,2.431,2.334,0.02,rf,1/13/17
2.361,2.361,2.365,2.307,0.00,rf,1/12/17
2.37,2.381,2.398,2.329,0.00,rf,1/11/17
2.377,2.37,2.394,2.361,0.00,rf,1/10/17
2.368,2.443,2.443,2.363,-0.02,rf,1/9/17
2.421,2.421,2.421,2.421,0.00,rf,1/8/17
2.421,2.35,2.425,2.334,0.03,rf,1/6/17
2.348,2.435,2.452,2.344,-0.04,rf,1/5/17
2.441,2.454,2.478,2.432,0.00,rf,1/4/17
2.448,2.439,2.518,2.437,0.00,rf,1/3/17
2.446,2.446,2.446,2.446,0.00,rf,1/2/17
2.446,2.477,2.488,2.431,-0.01,rf,12/30/16
2.477,2.512,2.512,2.46,-0.01,rf,12/29/16
2.512,2.565,2.567,2.503,-0.02,rf,12/28/16
2.561,2.554,2.576,2.547,0.01,rf,12/27/16
2.543,2.543,2.543,2.543,0.00,rf,12/26/16
2.543,2.556,2.558,2.526,0.00,rf,12/23/16
2.553,2.535,2.577,2.527,0.01,rf,12/22/16
2.538,2.566,2.577,2.537,-0.01,rf,12/21/16
2.561,2.54,2.59,2.538,0.01,rf,12/20/16
2.544,2.582,2.595,2.529,-0.01,rf,12/19/16
2.582,2.584,2.584,2.58,-0.01,rf,12/18/16
2.599,2.6,2.619,2.553,0.00,rf,12/16/16
2.606,2.58,2.641,2.565,0.02,rf,12/15/16
2.567,2.471,2.586,2.422,0.04,rf,12/14/16
2.473,2.468,2.495,2.438,0.00,rf,12/13/16
2.477,2.489,2.528,2.466,0.00,rf,12/12/16
2.488,2.466,2.493,2.466,0.01,rf,12/11/16
2.466,2.412,2.478,2.397,0.02,rf,12/9/16
2.409,2.345,2.427,2.34,0.03,rf,12/8/16
2.344,2.396,2.401,2.342,-0.02,rf,12/7/16
2.392,2.398,2.403,2.374,0.00,rf,12/6/16
2.401,2.363,2.448,2.34,0.02,rf,12/5/16
2.365,2.354,2.376,2.352,-0.01,rf,12/4/16
2.392,2.437,2.448,2.374,-0.03,rf,12/2/16
2.454,2.397,2.492,2.377,0.03,rf,12/1/16
2.39,2.295,2.41,2.291,0.04,rf,11/30/16
2.293,2.312,2.35,2.291,-0.01,rf,11/29/16
2.312,2.339,2.352,2.311,-0.01,rf,11/28/16
2.341,2.359,2.359,2.337,-0.01,rf,11/27/16
2.359,2.382,2.413,2.35,-0.01,rf,11/25/16
2.382,2.382,2.386,2.382,0.01,rf,11/24/16
2.355,2.312,2.417,2.292,0.02,rf,11/23/16
2.314,2.303,2.337,2.287,0.00,rf,11/22/16
2.314,2.353,2.357,2.303,-0.02,rf,11/21/16
2.353,2.348,2.36,2.348,0.00,rf,11/20/16
2.348,2.322,2.364,2.267,0.02,rf,11/18/16
2.297,2.205,2.306,2.187,0.04,rf,11/17/16
2.214,2.226,2.297,2.205,-0.01,rf,11/16/16
2.229,2.251,2.251,2.182,-0.01,rf,11/15/16
2.254,2.171,2.302,2.168,0.04,rf,11/14/16
2.173,2.178,2.182,2.173,0.02,rf,11/13/16
2.138,2.042,2.154,1.991,0.03,rf,11/10/16
2.068,1.858,2.092,1.716,0.11,rf,11/9/16
1.858,1.826,1.876,1.807,0.02,rf,11/8/16
1.828,1.831,1.833,1.808,0.00,rf,11/7/16
1.83,1.83,1.833,1.826,0.03,rf,11/6/16
1.778,1.806,1.822,1.769,-0.02,rf,11/4/16
1.81,1.804,1.833,1.776,0.01,rf,11/3/16
1.801,1.829,1.829,1.774,-0.01,rf,11/2/16
1.827,1.838,1.879,1.811,0.00,rf,11/1/16
1.825,1.84,1.854,1.826,-0.01,rf,10/31/16
1.841,1.849,1.849,1.84,0.00,rf,10/30/16
1.849,1.854,1.879,1.832,0.00,rf,10/28/16
1.85,1.797,1.87,1.791,0.03,rf,10/27/16
1.791,1.754,1.797,1.742,0.02,rf,10/26/16
1.758,1.766,1.788,1.742,0.00,rf,10/25/16
1.766,1.742,1.775,1.724,0.01,rf,10/24/16
1.74,1.74,1.74,1.74,0.00,rf,10/23/16
1.736,1.761,1.761,1.731,-0.01,rf,10/21/16
1.756,1.75,1.768,1.724,0.01,rf,10/20/16
1.747,1.745,1.77,1.729,0.00,rf,10/19/16
1.74,1.771,1.787,1.74,-0.02,rf,10/18/16
1.768,1.789,1.814,1.757,-0.01,rf,10/17/16
1.789,1.805,1.805,1.787,-0.01,rf,10/16/16
1.805,1.805,1.805,1.805,0.00,rf,10/15/16
1.805,1.752,1.805,1.75,0.03,rf,10/14/16
1.746,1.767,1.769,1.727,-0.01,rf,10/13/16
1.771,1.769,1.801,1.764,0.00,rf,10/12/16
1.767,1.767,1.781,1.745,0.00,rf,10/11/16
1.765,1.723,1.765,1.723,0.02,rf,10/10/16
1.723,1.732,1.771,1.718,-0.01,rf,10/7/16
1.739,1.709,1.746,1.692,0.02,rf,10/6/16
1.706,1.685,1.73,1.669,0.01,rf,10/5/16
1.69,1.629,1.692,1.612,0.04,rf,10/4/16
1.627,1.6,1.629,1.593,0.02,rf,10/3/16
1.6,1.598,1.605,1.598,0.00,rf,10/2/16
1.598,1.553,1.617,1.536,0.03,rf,9/30/16
1.558,1.586,1.601,1.543,-0.01,rf,9/29/16
1.572,1.558,1.581,1.543,0.01,rf,9/28/16
1.56,1.589,1.606,1.546,-0.02,rf,9/27/16
1.584,1.617,1.62,1.574,-0.02,rf,9/26/16
1.615,1.62,1.62,1.615,0.00,rf,9/25/16
1.62,1.62,1.62,1.62,0.00,rf,9/24/16
1.62,1.623,1.632,1.606,0.00,rf,9/23/16
1.618,1.649,1.656,1.608,-0.02,rf,9/22/16
1.655,1.689,1.738,1.653,-0.02,rf,9/21/16
1.693,1.708,1.71,1.667,-0.01,rf,9/20/16
1.707,1.693,1.714,1.679,0.01,rf,9/19/16
1.694,1.694,1.694,1.694,0.00,rf,9/18/16
1.694,1.694,1.694,1.694,0.00,rf,9/17/16
1.694,1.689,1.703,1.66,0.00,rf,9/16/16
1.698,1.696,1.736,1.665,0.00,rf,9/15/16
1.698,1.725,1.743,1.682,-0.02,rf,9/14/16
1.729,1.661,1.752,1.637,0.04,rf,9/13/16
1.666,1.668,1.697,1.659,0.00,rf,9/12/16
1.67,1.675,1.675,1.67,0.00,rf,9/11/16
1.675,1.602,1.678,1.594,0.05,rf,9/9/16
1.601,1.541,1.62,1.529,0.04,rf,9/8/16
1.536,1.541,1.549,1.519,0.00,rf,9/7/16
1.536,1.609,1.62,1.534,-0.05,rf,9/6/16
1.609,1.607,1.611,1.607,0.00,rf,9/5/16
1.607,1.571,1.623,1.543,0.02,rf,9/2/16
1.568,1.58,1.619,1.556,-0.01,rf,9/1/16
1.578,1.57,1.585,1.554,0.01,rf,8/31/16
1.57,1.573,1.592,1.561,0.00,rf,8/30/16
1.563,1.626,1.626,1.559,-0.04,rf,8/29/16
1.626,1.63,1.631,1.624,0.00,rf,8/28/16
1.628,1.571,1.635,1.531,0.03,rf,8/26/16
1.578,1.564,1.583,1.548,0.01,rf,8/25/16
1.563,1.556,1.57,1.542,0.01,rf,8/24/16
1.546,1.551,1.571,1.527,0.00,rf,8/23/16
1.544,1.597,1.6,1.536,-0.03,rf,8/22/16
1.597,1.597,1.599,1.595,0.01,rf,8/21/16
1.58,1.546,1.594,1.536,0.03,rf,8/19/16
1.534,1.539,1.566,1.525,-0.01,rf,8/18/16
1.549,1.568,1.588,1.537,-0.02,rf,8/17/16
1.575,1.554,1.587,1.515,0.01,rf,8/16/16
1.558,1.512,1.561,1.498,0.03,rf,8/15/16
1.512,1.51,1.512,1.508,0.00,rf,8/14/16
1.51,1.51,1.51,1.51,0.00,rf,8/13/16
1.51,1.559,1.563,1.48,-0.03,rf,8/12/16
1.561,1.505,1.576,1.503,0.03,rf,8/11/16
1.513,1.545,1.545,1.501,-0.02,rf,8/10/16
1.549,1.59,1.597,1.535,-0.03,rf,8/9/16
1.592,1.595,1.616,1.571,0.00,rf,8/8/16
1.595,1.599,1.599,1.595,0.00,rf,8/7/16
1.59,1.59,1.59,1.59,0.00,rf,8/6/16
1.59,1.501,1.592,1.487,0.06,rf,8/5/16
1.502,1.544,1.556,1.484,-0.03,rf,8/4/16
1.545,1.559,1.571,1.53,-0.01,rf,8/3/16
1.554,1.52,1.573,1.511,0.02,rf,8/2/16
1.52,1.463,1.527,1.463,0.04,rf,8/1/16
1.463,1.45,1.463,1.45,0.01,rf,7/31/16
1.45,1.501,1.564,1.45,-0.04,rf,7/29/16
1.508,1.504,1.535,1.492,0.00,rf,7/28/16
1.503,1.563,1.59,1.498,-0.04,rf,7/27/16
1.563,1.568,1.589,1.537,-0.01,rf,7/26/16
1.575,1.571,1.592,1.554,0.00,rf,7/25/16
1.573,1.566,1.577,1.566,0.00,rf,7/24/16
1.566,1.549,1.601,1.537,0.01,rf,7/22/16
1.556,1.58,1.628,1.554,-0.02,rf,7/21/16
1.58,1.559,1.596,1.546,0.01,rf,7/20/16
1.558,1.573,1.575,1.537,-0.02,rf,7/19/16
1.582,1.575,1.604,1.556,0.02,rf,7/18/16
1.558,1.558,1.558,1.558,0.00,rf,7/17/16
1.558,1.52,1.601,1.517,0.01,rf,7/15/16
1.537,1.471,1.551,1.466,0.04,rf,7/14/16
1.473,1.508,1.508,1.459,-0.02,rf,7/13/16
1.507,1.425,1.531,1.422,0.05,rf,7/12/16
1.43,1.366,1.435,1.358,0.05,rf,7/11/16
1.366,1.358,1.366,1.358,0.01,rf,7/10/16
1.358,1.39,1.442,1.346,-0.02,rf,7/8/16
1.385,1.37,1.422,1.355,0.01,rf,7/7/16
1.373,1.367,1.395,1.321,0.00,rf,7/6/16
1.375,1.439,1.441,1.357,-0.05,rf,7/5/16
1.441,1.456,1.456,1.439,-0.01,rf,7/4/16
1.456,1.471,1.473,1.382,-0.01,rf,7/1/16
1.475,1.512,1.546,1.453,-0.03,rf,6/30/16
1.517,1.465,1.519,1.454,0.04,rf,6/29/16
1.465,1.439,1.483,1.428,0.01,rf,6/28/16
1.444,1.507,1.526,1.436,-0.04,rf,6/27/16
1.509,1.514,1.516,1.5,-0.03,rf,6/26/16
1.562,1.682,1.704,1.406,-0.10,rf,6/24/16
1.744,1.702,1.749,1.694,0.03,rf,6/23/16
1.687,1.697,1.711,1.68,-0.01,rf,6/22/16
1.709,1.671,1.711,1.661,0.02,rf,6/21/16
1.678,1.656,1.69,1.642,0.01,rf,6/20/16
1.656,1.654,1.658,1.652,0.03,rf,6/19/16
1.611,1.589,1.622,1.582,0.02,rf,6/17/16
1.579,1.57,1.581,1.518,0.00,rf,6/16/16
1.575,1.613,1.637,1.572,-0.02,rf,6/15/16
1.613,1.611,1.625,1.567,0.00,rf,6/14/16
1.613,1.625,1.64,1.608,-0.01,rf,6/13/16
1.623,1.644,1.644,1.622,-0.01,rf,6/12/16
1.644,1.68,1.683,1.627,-0.02,rf,6/10/16
1.682,1.704,1.709,1.659,-0.01,rf,6/9/16
1.704,1.719,1.721,1.697,-0.01,rf,6/8/16
1.716,1.733,1.744,1.704,-0.01,rf,6/7/16
1.737,1.704,1.742,1.704,0.02,rf,6/6/16
1.706,1.699,1.706,1.697,0.00,rf,6/5/16
1.702,1.808,1.813,1.697,-0.05,rf,6/3/16
1.799,1.837,1.841,1.796,-0.02,rf,6/2/16
1.839,1.844,1.856,1.804,-0.01,rf,6/1/16
1.851,1.86,1.89,1.83,-0.01,rf,5/31/16
1.862,1.851,1.865,1.851,0.01,rf,5/30/16
1.851,1.833,1.855,1.821,0.01,rf,5/27/16
1.83,1.86,1.87,1.821,-0.02,rf,5/26/16
1.872,1.859,1.882,1.849,0.00,rf,5/25/16
1.865,1.838,1.88,1.821,0.02,rf,5/24/16
1.835,1.838,1.856,1.818,0.00,rf,5/23/16
1.837,1.844,1.844,1.835,0.00,rf,5/22/16
1.844,1.849,1.868,1.837,0.00,rf,5/20/16
1.847,1.849,1.883,1.83,-0.01,rf,5/19/16
1.859,1.774,1.887,1.764,0.05,rf,5/18/16
1.772,1.753,1.776,1.736,0.01,rf,5/17/16
1.757,1.702,1.757,1.7,0.03,rf,5/16/16
1.702,1.695,1.702,1.695,0.00,rf,5/15/16
1.702,1.752,1.755,1.7,-0.03,rf,5/13/16
1.748,1.724,1.765,1.715,0.01,rf,5/12/16
1.735,1.767,1.77,1.721,-0.01,rf,5/11/16
1.754,1.753,1.775,1.747,0.00,rf,5/10/16
1.751,1.789,1.793,1.747,-0.02,rf,5/9/16
1.789,1.788,1.789,1.784,0.01,rf,5/8/16
1.779,1.756,1.786,1.705,0.02,rf,5/6/16
1.742,1.793,1.809,1.735,-0.02,rf,5/5/16
1.777,1.807,1.817,1.77,-0.01,rf,5/4/16
1.796,1.856,1.858,1.782,-0.04,rf,5/3/16
1.872,1.83,1.874,1.81,0.02,rf,5/2/16
1.828,1.826,1.83,1.826,0.00,rf,5/1/16
1.835,1.839,1.876,1.816,0.01,rf,4/29/16
1.824,1.847,1.872,1.81,-0.02,rf,4/28/16
1.853,1.922,1.923,1.851,-0.04,rf,4/27/16
1.931,1.907,1.941,1.89,0.01,rf,4/26/16
1.915,1.891,1.914,1.865,0.01,rf,4/25/16
1.891,1.891,1.895,1.891,0.00,rf,4/24/16
1.891,1.868,1.897,1.847,0.01,rf,4/22/16
1.865,1.84,1.891,1.833,0.01,rf,4/21/16
1.845,1.78,1.859,1.752,0.03,rf,4/20/16
1.787,1.783,1.806,1.771,0.01,rf,4/19/16
1.771,1.726,1.787,1.722,0.03,rf,4/18/16
1.726,1.726,1.727,1.724,-0.02,rf,4/17/16
1.754,1.787,1.799,1.74,-0.02,rf,4/15/16
1.792,1.773,1.804,1.752,0.01,rf,4/14/16
1.766,1.778,1.797,1.757,-0.01,rf,4/13/16
1.776,1.729,1.785,1.725,0.03,rf,4/12/16
1.722,1.732,1.755,1.698,-0.01,rf,4/11/16
1.732,1.717,1.734,1.717,0.01,rf,4/10/16
1.717,1.701,1.738,1.699,0.02,rf,4/8/16
1.687,1.758,1.769,1.685,-0.04,rf,4/7/16
1.758,1.732,1.774,1.729,0.02,rf,4/6/16
1.72,1.764,1.764,1.715,-0.02,rf,4/5/16
1.762,1.765,1.791,1.753,0.00,rf,4/4/16
1.765,1.774,1.774,1.765,0.00,rf,4/3/16
1.774,1.784,1.814,1.762,0.00,rf,4/1/16
1.77,1.816,1.832,1.769,-0.03,rf,3/31/16
1.828,1.809,1.862,1.804,0.01,rf,3/30/16
1.804,1.883,1.898,1.8,-0.04,rf,3/29/16
1.883,1.914,1.918,1.863,-0.02,rf,3/28/16
1.914,1.907,1.914,1.907,0.01,rf,3/27/16
1.9,1.884,1.902,1.852,0.01,rf,3/24/16
1.879,1.951,1.954,1.872,-0.03,rf,3/23/16
1.944,1.919,1.946,1.879,0.01,rf,3/22/16
1.917,1.893,1.924,1.868,0.02,rf,3/21/16
1.877,1.877,1.877,1.877,0.00,rf,3/20/16
1.877,1.901,1.901,1.863,-0.01,rf,3/18/16
1.898,1.908,1.919,1.854,-0.01,rf,3/17/16
1.913,1.97,2.002,1.908,-0.03,rf,3/16/16
1.968,1.963,1.975,1.915,0.00,rf,3/15/16
1.961,1.979,1.986,1.941,-0.01,rf,3/14/16
1.977,1.98,1.98,1.972,0.00,rf,3/13/16
1.98,1.932,1.986,1.916,0.02,rf,3/11/16
1.936,1.876,1.952,1.855,0.03,rf,3/10/16
1.879,1.829,1.897,1.825,0.03,rf,3/9/16
1.831,1.908,1.909,1.804,-0.04,rf,3/8/16
1.904,1.879,1.92,1.876,0.01,rf,3/7/16
1.879,1.885,1.885,1.878,0.00,rf,3/6/16
1.876,1.835,1.902,1.818,0.02,rf,3/4/16
1.835,1.834,1.863,1.814,0.00,rf,3/3/16
1.835,1.816,1.872,1.804,0.00,rf,3/2/16
1.827,1.737,1.837,1.702,0.05,rf,3/1/16
1.738,1.757,1.768,1.73,-0.01,rf,2/29/16
1.757,1.764,1.764,1.755,0.00,rf,2/28/16
1.764,1.724,1.783,1.714,0.03,rf,2/26/16
1.714,1.752,1.76,1.678,-0.02,rf,2/25/16
1.752,1.721,1.755,1.647,0.02,rf,2/24/16
1.716,1.757,1.814,1.714,-0.02,rf,2/23/16
1.755,1.748,1.783,1.747,0.00,rf,2/22/16
1.748,1.75,1.752,1.748,0.00,rf,2/21/16
1.743,1.74,1.785,1.719,0.00,rf,2/19/16
1.741,1.812,1.829,1.736,-0.04,rf,2/18/16
1.816,1.778,1.847,1.74,0.02,rf,2/17/16
1.779,1.772,1.803,1.743,0.00,rf,2/16/16
1.772,1.746,1.777,1.746,0.01,rf,2/15/16
1.746,1.746,1.746,1.746,0.00,rf,2/14/16
1.746,1.663,1.758,1.647,0.05,rf,2/12/16
1.664,1.681,1.683,1.53,-0.01,rf,2/11/16
1.673,1.736,1.774,1.67,-0.03,rf,2/10/16
1.731,1.745,1.767,1.682,-0.01,rf,2/9/16
1.748,1.853,1.87,1.733,-0.06,rf,2/8/16
1.853,1.851,1.855,1.849,0.01,rf,2/7/16
1.843,1.848,1.896,1.825,0.00,rf,2/5/16
1.846,1.883,1.91,1.841,-0.02,rf,2/4/16
1.883,1.85,1.896,1.793,0.02,rf,2/3/16
1.852,1.943,1.952,1.847,-0.05,rf,2/2/16
1.95,1.933,1.966,1.905,0.01,rf,2/1/16
1.933,1.923,1.936,1.923,0.01,rf,1/31/16
1.923,1.987,1.992,1.911,-0.03,rf,1/29/16
1.982,1.996,2.038,1.971,-0.01,rf,1/28/16
2.003,1.989,2.053,1.98,0.00,rf,1/27/16
2.003,2.005,2.027,1.961,0.00,rf,1/26/16
2.006,2.059,2.064,2.003,-0.03,rf,1/25/16
2.059,2.061,2.064,2.057,0.00,rf,1/24/16
2.057,2.035,2.089,2.014,0.01,rf,1/22/16
2.028,1.996,2.035,1.956,0.02,rf,1/21/16
1.988,2.056,2.056,1.939,-0.03,rf,1/20/16
2.056,2.047,2.087,2.021,0.01,rf,1/19/16
2.045,2.042,2.047,2.042,0.00,rf,1/18/16
2.037,2.101,2.101,1.986,-0.03,rf,1/15/16
2.091,2.077,2.122,2.049,0.00,rf,1/14/16
2.091,2.117,2.151,2.042,-0.01,rf,1/13/16
2.105,2.175,2.2,2.08,-0.03,rf,1/12/16
2.175,2.126,2.179,2.126,0.03,rf,1/11/16
2.116,2.116,2.116,2.116,0.00,rf,1/10/16
2.116,2.154,2.225,2.112,-0.02,rf,1/8/16
2.149,2.183,2.2,2.119,-0.01,rf,1/7/16
2.17,2.236,2.244,2.168,-0.03,rf,1/6/16
2.239,2.241,2.266,2.223,0.00,rf,1/5/16
2.243,2.293,2.293,2.2,-0.02,rf,1/4/16
2.291,2.269,2.293,2.269,0.01,rf,1/3/16
2.269,2.303,2.305,2.266,-0.01,rf,12/31/15
2.294,2.3,2.325,2.285,-0.01,rf,12/30/15
2.308,2.232,2.319,2.221,0.03,rf,12/29/15
2.232,2.253,2.257,2.213,-0.01,rf,12/28/15
2.255,2.245,2.255,2.245,0.00,rf,12/27/15
2.245,2.257,2.266,2.239,-0.01,rf,12/24/15
2.259,2.236,2.28,2.234,0.01,rf,12/23/15
2.237,2.195,2.239,2.185,0.02,rf,12/22/15
2.195,2.204,2.225,2.172,0.00,rf,12/21/15
2.202,2.206,2.206,2.202,0.00,rf,12/20/15
2.204,2.23,2.234,2.178,-0.01,rf,12/18/15
2.225,2.283,2.285,2.223,-0.03,rf,12/17/15
2.298,2.268,2.332,2.25,0.01,rf,12/16/15
2.268,2.218,2.289,2.202,0.02,rf,12/15/15
2.225,2.155,2.23,2.138,0.04,rf,12/14/15
2.148,2.146,2.148,2.145,0.01,rf,12/13/15
2.132,2.236,2.239,2.12,-0.05,rf,12/11/15
2.234,2.218,2.239,2.206,0.01,rf,12/10/15
2.211,2.227,2.271,2.197,-0.01,rf,12/9/15
2.222,2.236,2.245,2.197,-0.01,rf,12/8/15
2.236,2.285,2.292,2.204,-0.02,rf,12/7/15
2.285,2.283,2.285,2.283,0.01,rf,12/6/15
2.273,2.303,2.358,2.26,-0.02,rf,12/4/15
2.321,2.183,2.347,2.178,0.07,rf,12/3/15
2.178,2.154,2.201,2.154,0.02,rf,12/2/15
2.145,2.217,2.239,2.145,-0.03,rf,12/1/15
2.208,2.218,2.245,2.206,0.00,rf,11/30/15
2.217,2.222,2.222,2.217,0.00,rf,11/29/15
2.222,2.222,2.231,2.204,0.00,rf,11/27/15
2.224,2.22,2.225,2.22,0.00,rf,11/26/15
2.234,2.246,2.248,2.224,0.00,rf,11/25/15
2.239,2.243,2.252,2.206,0.00,rf,11/24/15
2.243,2.273,2.297,2.239,-0.01,rf,11/23/15
2.264,2.264,2.264,2.264,0.00,rf,11/22/15
2.264,2.255,2.266,2.231,0.01,rf,11/20/15
2.247,2.273,2.276,2.232,-0.01,rf,11/19/15
2.273,2.273,2.299,2.259,0.00,rf,11/18/15
2.268,2.275,2.313,2.247,0.00,rf,11/17/15
2.271,2.245,2.278,2.238,0.01,rf,11/16/15
2.243,2.275,2.275,2.243,-0.01,rf,11/15/15
2.275,2.317,2.32,2.267,-0.02,rf,11/13/15
2.315,2.331,2.354,2.299,-0.01,rf,11/12/15
2.331,2.335,2.335,2.331,0.00,rf,11/11/15
2.336,2.347,2.353,2.311,-0.01,rf,11/10/15
2.349,2.329,2.377,2.323,0.01,rf,11/9/15
2.327,2.329,2.332,2.327,0.00,rf,11/8/15
2.325,2.236,2.349,2.223,0.04,rf,11/6/15
2.236,2.229,2.263,2.22,0.00,rf,11/5/15
2.227,2.209,2.241,2.198,0.00,rf,11/4/15
2.218,2.167,2.225,2.165,0.02,rf,11/3/15
2.176,2.137,2.189,2.13,0.02,rf,11/2/15
2.135,2.14,2.14,2.131,-0.01,rf,11/1/15
2.146,2.162,2.183,2.142,-0.01,rf,10/30/15
2.172,2.092,2.18,2.081,0.03,rf,10/29/15
2.101,2.044,2.106,2.028,0.03,rf,10/28/15
2.037,2.055,2.06,2.009,-0.01,rf,10/27/15
2.058,2.083,2.085,2.051,-0.01,rf,10/26/15
2.083,2.087,2.087,2.081,0.00,rf,10/25/15
2.087,2.035,2.099,2.023,0.03,rf,10/23/15
2.028,2.023,2.055,2.003,0.00,rf,10/22/15
2.028,2.06,2.072,2.017,-0.02,rf,10/21/15
2.069,2.024,2.079,2.014,0.02,rf,10/20/15
2.023,2.023,2.056,2.014,0.00,rf,10/19/15
2.024,2.035,2.035,2.024,-0.01,rf,10/18/15
2.035,2.026,2.037,2,0.01,rf,10/16/15
2.019,1.988,2.028,1.988,0.02,rf,10/15/15
1.975,2.047,2.049,1.974,-0.03,rf,10/14/15
2.042,2.069,2.078,2.037,-0.01,rf,10/13/15
2.07,2.069,2.074,2.069,-0.01,rf,10/12/15
2.09,2.099,2.138,2.079,-0.01,rf,10/9/15
2.102,2.069,2.122,2.033,0.02,rf,10/8/15
2.065,2.037,2.086,2.035,0.01,rf,10/7/15
2.035,2.049,2.077,2.028,-0.01,rf,10/6/15
2.058,1.984,2.063,1.977,0.04,rf,10/5/15
1.984,1.991,1.991,1.984,0.00,rf,10/4/15
1.991,1.991,1.991,1.991,0.00,rf,10/3/15
1.991,2.049,2.065,1.904,-0.03,rf,10/2/15
2.042,2.042,2.072,2.009,0.00,rf,10/1/15
2.035,2.063,2.104,2.035,-0.01,rf,9/30/15
2.06,2.098,2.12,2.042,-0.02,rf,9/29/15
2.098,2.157,2.169,2.091,-0.03,rf,9/28/15
2.157,2.166,2.166,2.155,0.00,rf,9/27/15
2.166,2.151,2.198,2.137,0.02,rf,9/25/15
2.128,2.146,2.158,2.081,-0.01,rf,9/24/15
2.151,2.123,2.173,2.121,0.01,rf,9/23/15
2.132,2.198,2.198,2.114,-0.03,rf,9/22/15
2.199,2.148,2.217,2.148,0.03,rf,9/21/15
2.134,2.134,2.134,2.134,0.00,rf,9/20/15
2.134,2.194,2.197,2.126,-0.03,rf,9/18/15
2.192,2.298,2.298,2.188,-0.05,rf,9/17/15
2.296,2.274,2.303,2.258,0.00,rf,9/16/15
2.292,2.185,2.294,2.164,0.05,rf,9/15/15
2.183,2.201,2.203,2.164,-0.01,rf,9/14/15
2.203,2.195,2.204,2.195,0.01,rf,9/13/15
2.187,2.222,2.226,2.172,-0.02,rf,9/11/15
2.227,2.183,2.236,2.176,0.01,rf,9/10/15
2.195,2.186,2.254,2.17,0.00,rf,9/9/15
2.186,2.151,2.201,2.126,0.02,rf,9/8/15
2.151,2.131,2.151,2.131,0.01,rf,9/7/15
2.131,2.165,2.169,2.109,-0.01,rf,9/4/15
2.163,2.179,2.197,2.151,-0.01,rf,9/3/15
2.188,2.161,2.198,2.144,0.01,rf,9/2/15
2.159,2.214,2.214,2.151,-0.02,rf,9/1/15
2.214,2.195,2.22,2.136,0.01,rf,8/31/15
2.195,2.184,2.195,2.184,0.00,rf,8/30/15
2.184,2.193,2.197,2.128,0.00,rf,8/28/15
2.191,2.168,2.207,2.133,0.01,rf,8/27/15
2.18,2.057,2.193,2.052,0.05,rf,8/26/15
2.078,2.012,2.136,2.007,0.03,rf,8/25/15
2.012,2.031,2.045,1.905,-0.01,rf,8/24/15
2.031,2.045,2.045,2.03,-0.01,rf,8/23/15
2.045,2.078,2.091,2.03,-0.01,rf,8/21/15
2.073,2.133,2.134,2.07,-0.03,rf,8/20/15
2.129,2.194,2.23,2.113,-0.03,rf,8/19/15
2.192,2.164,2.203,2.138,0.01,rf,8/18/15
2.17,2.198,2.201,2.145,-0.01,rf,8/17/15
2.196,2.187,2.196,2.187,0.00,rf,8/16/15
2.201,2.184,2.221,2.161,0.01,rf,8/14/15
2.189,2.141,2.198,2.112,0.02,rf,8/13/15
2.148,2.15,2.157,2.045,0.00,rf,8/12/15
2.143,2.23,2.232,2.114,-0.04,rf,8/11/15
2.232,2.177,2.243,2.175,0.03,rf,8/10/15
2.175,2.173,2.175,2.171,0.00,rf,8/9/15
2.166,2.228,2.254,2.164,-0.03,rf,8/7/15
2.227,2.272,2.281,2.218,-0.02,rf,8/6/15
2.27,2.234,2.293,2.214,0.02,rf,8/5/15
2.223,2.144,2.228,2.143,0.03,rf,8/4/15
2.15,2.2,2.209,2.139,-0.02,rf,8/3/15
2.198,2.196,2.2,2.196,0.01,rf,8/2/15
2.187,2.257,2.286,2.182,-0.03,rf,7/31/15
2.257,2.295,2.322,2.255,-0.01,rf,7/30/15
2.289,2.259,2.297,2.252,0.02,rf,7/29/15
2.25,2.221,2.266,2.219,0.02,rf,7/28/15
2.216,2.262,2.266,2.21,-0.02,rf,7/27/15
2.262,2.264,2.264,2.262,0.00,rf,7/26/15
2.262,2.275,2.286,2.255,0.00,rf,7/24/15
2.269,2.325,2.343,2.268,-0.02,rf,7/23/15
2.327,2.331,2.342,2.302,0.00,rf,7/22/15
2.331,2.372,2.403,2.327,-0.02,rf,7/21/15
2.38,2.36,2.396,2.342,0.01,rf,7/20/15
2.347,2.347,2.347,2.347,0.00,rf,7/19/15
2.347,2.347,2.347,2.347,0.00,rf,7/18/15
2.347,2.361,2.374,2.332,0.00,rf,7/17/15
2.356,2.374,2.398,2.338,0.00,rf,7/16/15
2.356,2.39,2.432,2.345,-0.02,rf,7/15/15
2.397,2.447,2.45,2.388,-0.02,rf,7/14/15
2.446,2.388,2.47,2.375,0.02,rf,7/13/15
2.39,2.386,2.392,2.386,0.00,rf,7/12/15
2.401,2.35,2.421,2.334,0.04,rf,7/10/15
2.317,2.197,2.325,2.181,0.05,rf,7/9/15
2.197,2.256,2.256,2.176,-0.03,rf,7/8/15
2.255,2.296,2.316,2.185,-0.02,rf,7/7/15
2.29,2.274,2.346,2.274,0.01,rf,7/6/15
2.272,2.386,2.386,2.271,-0.05,rf,7/5/15
2.386,2.429,2.47,2.364,-0.02,rf,7/2/15
2.427,2.373,2.444,2.349,0.03,rf,7/1/15
2.349,2.326,2.378,2.31,0.01,rf,6/30/15
2.328,2.303,2.409,2.292,0.01,rf,6/29/15
2.304,2.306,2.31,2.304,-0.07,rf,6/28/15
2.474,2.403,2.489,2.394,0.03,rf,6/26/15
2.412,2.365,2.423,2.364,0.02,rf,6/25/15
2.373,2.4,2.416,2.365,-0.02,rf,6/24/15
2.414,2.374,2.429,2.362,0.02,rf,6/23/15
2.374,2.286,2.378,2.279,0.04,rf,6/22/15
2.288,2.261,2.297,2.261,0.01,rf,6/21/15
2.261,2.326,2.326,2.258,-0.03,rf,6/19/15
2.334,2.3,2.381,2.261,0.01,rf,6/18/15
2.32,2.309,2.403,2.304,0.00,rf,6/17/15
2.309,2.352,2.356,2.307,-0.02,rf,6/16/15
2.36,2.349,2.376,2.313,0.00,rf,6/15/15
2.35,2.356,2.356,2.349,-0.02,rf,6/14/15
2.39,2.384,2.406,2.334,0.00,rf,6/12/15
2.381,2.475,2.5,2.377,-0.04,rf,6/11/15
2.486,2.433,2.495,2.433,0.02,rf,6/10/15
2.442,2.388,2.449,2.354,0.03,rf,6/9/15
2.382,2.413,2.415,2.366,-0.01,rf,6/8/15
2.413,2.409,2.417,2.409,0.00,rf,6/7/15
2.409,2.316,2.442,2.314,0.04,rf,6/5/15
2.309,2.361,2.425,2.296,-0.02,rf,6/4/15
2.361,2.259,2.388,2.254,0.04,rf,6/3/15
2.266,2.185,2.277,2.176,0.04,rf,6/2/15
2.183,2.128,2.199,2.106,0.03,rf,6/1/15
2.128,2.127,2.128,2.127,0.00,rf,5/31/15
2.123,2.123,2.123,2.123,0.00,rf,5/30/15
2.123,2.137,2.141,2.09,-0.01,rf,5/29/15
2.135,2.135,2.153,2.116,0.00,rf,5/28/15
2.13,2.153,2.176,2.125,-0.01,rf,5/27/15
2.142,2.204,2.213,2.132,-0.03,rf,5/26/15
2.204,2.214,2.214,2.202,-0.01,rf,5/25/15
2.215,2.195,2.241,2.163,0.01,rf,5/22/15
2.195,2.248,2.257,2.183,-0.03,rf,5/21/15
2.257,2.28,2.285,2.228,-0.01,rf,5/20/15
2.29,2.23,2.303,2.183,0.03,rf,5/19/15
2.234,2.153,2.243,2.139,0.04,rf,5/18/15
2.153,2.151,2.155,2.151,0.00,rf,5/17/15
2.148,2.23,2.234,2.132,-0.04,rf,5/15/15
2.235,2.28,2.292,2.223,-0.03,rf,5/14/15
2.295,2.26,2.298,2.189,0.02,rf,5/13/15
2.247,2.276,2.366,2.234,-0.02,rf,5/12/15
2.287,2.137,2.287,2.13,0.07,rf,5/11/15
2.139,2.142,2.142,2.139,0.00,rf,5/10/15
2.142,2.176,2.2,2.101,-0.02,rf,5/8/15
2.178,2.241,2.312,2.167,-0.03,rf,5/7/15
2.252,2.185,2.258,2.178,0.03,rf,5/6/15
2.182,2.148,2.201,2.117,0.02,rf,5/5/15
2.146,2.133,2.148,2.087,0.02,rf,5/4/15
2.112,2.112,2.112,2.112,0.00,rf,5/3/15
2.112,2.049,2.124,2.046,0.04,rf,5/1/15
2.035,2.033,2.11,2.019,-0.01,rf,4/30/15
2.046,1.986,2.081,1.98,0.02,rf,4/29/15
2.003,1.924,2.007,1.916,0.04,rf,4/28/15
1.926,1.91,1.949,1.895,0.01,rf,4/27/15
1.909,1.91,1.91,1.909,0.00,rf,4/26/15
1.914,1.958,1.972,1.907,-0.02,rf,4/24/15
1.954,1.98,1.989,1.935,-0.01,rf,4/23/15
1.982,1.909,1.993,1.891,0.04,rf,4/22/15
1.911,1.884,1.919,1.865,0.01,rf,4/21/15
1.886,1.87,1.902,1.853,0.01,rf,4/20/15
1.87,1.865,1.872,1.865,0.00,rf,4/19/15
1.865,1.891,1.912,1.844,-0.02,rf,4/17/15
1.895,1.895,1.926,1.869,0.00,rf,4/16/15
1.89,1.891,1.918,1.872,-0.01,rf,4/15/15
1.9,1.928,1.932,1.855,-0.02,rf,4/14/15
1.93,1.949,1.982,1.926,-0.01,rf,4/13/15
1.951,1.949,1.951,1.947,0.00,rf,4/12/15
1.949,1.963,1.967,1.919,-0.01,rf,4/10/15
1.963,1.902,1.967,1.876,0.03,rf,4/9/15
1.906,1.888,1.925,1.873,0.01,rf,4/8/15
1.887,1.899,1.928,1.881,-0.01,rf,4/7/15
1.899,1.831,1.911,1.826,0.04,rf,4/6/15
1.833,1.842,1.842,1.833,0.00,rf,4/5/15
1.842,1.904,1.906,1.802,-0.04,rf,4/3/15
1.913,1.859,1.916,1.831,0.03,rf,4/2/15
1.859,1.93,1.947,1.852,-0.04,rf,4/1/15
1.927,1.954,1.968,1.923,-0.01,rf,3/31/15
1.953,1.956,1.975,1.941,0.00,rf,3/30/15
1.956,1.96,1.96,1.954,0.00,rf,3/29/15
1.96,2,2.002,1.944,-0.02,rf,3/27/15
1.996,1.927,2.012,1.89,0.04,rf,3/26/15
1.927,1.878,1.932,1.852,0.03,rf,3/25/15
1.873,1.92,1.925,1.866,-0.02,rf,3/24/15
1.909,1.925,1.942,1.906,-0.01,rf,3/23/15
1.925,1.932,1.932,1.925,0.00,rf,3/22/15
1.932,1.965,1.975,1.923,-0.02,rf,3/20/15
1.97,1.916,1.989,1.899,0.03,rf,3/19/15
1.918,2.056,2.058,1.906,-0.07,rf,3/18/15
2.052,2.08,2.08,2.038,-0.01,rf,3/17/15
2.074,2.107,2.107,2.065,-0.01,rf,3/16/15
2.105,2.107,2.107,2.105,-0.01,rf,3/15/15
2.118,2.116,2.148,2.084,0.00,rf,3/13/15
2.11,2.105,2.123,2.042,0.00,rf,3/12/15
2.109,2.128,2.16,2.096,-0.01,rf,3/11/15
2.121,2.201,2.211,2.117,-0.03,rf,3/10/15
2.192,2.25,2.25,2.186,-0.03,rf,3/9/15
2.25,2.25,2.25,2.249,0.00,rf,3/8/15
2.247,2.121,2.259,2.101,0.06,rf,3/6/15
2.117,2.112,2.147,2.096,0.00,rf,3/5/15
2.119,2.122,2.142,2.094,0.00,rf,3/4/15
2.122,2.08,2.128,2.073,0.02,rf,3/3/15
2.089,2.005,2.096,1.991,0.04,rf,3/2/15
2.005,2.005,2.007,2.005,0.00,rf,3/1/15
1.996,2.026,2.052,1.993,-0.02,rf,2/27/15
2.031,1.972,2.038,1.931,0.03,rf,2/26/15
1.972,1.988,2.002,1.957,0.00,rf,2/25/15
1.972,2.066,2.108,1.972,-0.04,rf,2/24/15
2.061,2.113,2.136,2.054,-0.03,rf,2/23/15
2.115,2.12,2.12,2.115,0.00,rf,2/22/15
2.115,2.119,2.141,2.045,0.00,rf,2/20/15
2.122,2.082,2.126,2.043,0.02,rf,2/19/15
2.085,2.138,2.164,2.043,-0.03,rf,2/18/15
2.145,2.017,2.152,1.998,0.06,rf,2/17/15
2.019,2.019,2.023,2.017,-0.01,rf,2/16/15
2.047,1.984,2.106,1.976,0.03,rf,2/13/15
1.988,1.997,2.049,1.959,-0.02,rf,2/12/15
2.021,1.977,2.028,1.97,0.01,rf,2/11/15
2.004,1.969,2.016,1.96,0.01,rf,2/10/15
1.978,1.941,1.986,1.886,0.02,rf,2/9/15
1.941,1.958,1.958,1.939,-0.01,rf,2/8/15
1.958,1.82,1.965,1.796,0.08,rf,2/6/15
1.817,1.738,1.829,1.718,0.04,rf,2/5/15
1.747,1.791,1.846,1.737,-0.03,rf,2/4/15
1.798,1.673,1.802,1.661,0.07,rf,2/3/15
1.674,1.653,1.712,1.649,0.01,rf,2/2/15
1.653,1.639,1.653,1.639,0.01,rf,2/1/15
1.639,1.761,1.761,1.637,-0.07,rf,1/30/15
1.756,1.727,1.785,1.714,0.02,rf,1/29/15
1.719,1.821,1.835,1.7,-0.06,rf,1/28/15
1.828,1.827,1.832,1.748,0.00,rf,1/27/15
1.828,1.767,1.844,1.752,0.03,rf,1/26/15
1.769,1.77,1.772,1.767,-0.01,rf,1/25/15
1.789,1.875,1.875,1.781,-0.04,rf,1/23/15
1.872,1.868,1.953,1.81,0.00,rf,1/22/15
1.875,1.796,1.875,1.773,0.05,rf,1/21/15
1.791,1.8,1.837,1.759,-0.01,rf,1/20/15
1.8,1.809,1.809,1.798,-0.02,rf,1/19/15
1.831,1.724,1.839,1.698,0.06,rf,1/16/15
1.728,1.86,1.9,1.702,-0.07,rf,1/15/15
1.855,1.9,1.902,1.784,-0.03,rf,1/14/15
1.905,1.905,1.945,1.864,0.00,rf,1/13/15
1.909,1.964,1.98,1.902,-0.02,rf,1/12/15
1.95,1.95,1.95,1.95,0.00,rf,1/11/15
1.95,2.018,2.028,1.943,-0.03,rf,1/9/15
2.018,1.976,2.03,1.968,0.02,rf,1/8/15
1.969,1.944,2.009,1.926,0.02,rf,1/7/15
1.938,2.037,2.039,1.887,-0.05,rf,1/6/15
2.034,2.102,2.133,2.027,-0.03,rf,1/5/15
2.102,2.114,2.114,2.1,-0.01,rf,1/4/15
2.114,2.2,2.213,2.102,-0.03,rf,1/2/15
2.17,2.17,2.17,2.17,0.00,rf,1/1/15
2.17,2.183,2.19,2.165,-0.01,rf,12/31/14
2.192,2.202,2.209,2.167,-0.01,rf,12/30/14
2.204,2.248,2.253,2.193,-0.02,rf,12/29/14
2.248,2.252,2.252,2.248,0.00,rf,12/28/14
2.252,2.255,2.266,2.236,0.00,rf,12/26/14
2.255,2.255,2.257,2.253,0.00,rf,12/25/14
2.264,2.26,2.301,2.241,0.00,rf,12/24/14
2.269,2.157,2.271,2.155,0.05,rf,12/23/14
2.156,2.165,2.19,2.149,-0.01,rf,12/22/14
2.167,2.169,2.169,2.165,0.00,rf,12/21/14
2.16,2.213,2.234,2.157,-0.02,rf,12/19/14
2.208,2.148,2.225,2.111,0.03,rf,12/18/14
2.136,2.061,2.15,2.047,0.04,rf,12/17/14
2.061,2.116,2.118,2.009,-0.03,rf,12/16/14
2.115,2.078,2.136,2.071,0.02,rf,12/15/14
2.08,2.083,2.085,2.08,0.00,rf,12/14/14
2.083,2.171,2.171,2.083,-0.04,rf,12/12/14
2.169,2.167,2.216,2.139,0.00,rf,12/11/14
2.173,2.218,2.23,2.155,-0.02,rf,12/10/14
2.213,2.264,2.271,2.187,-0.02,rf,12/9/14
2.259,2.31,2.347,2.243,-0.02,rf,12/8/14
2.312,2.306,2.319,2.306,0.00,rf,12/7/14
2.307,2.245,2.331,2.243,0.03,rf,12/5/14
2.236,2.282,2.298,2.236,-0.02,rf,12/4/14
2.282,2.292,2.306,2.278,-0.01,rf,12/3/14
2.294,2.234,2.296,2.225,0.03,rf,12/2/14
2.236,2.178,2.243,2.15,0.03,rf,12/1/14
2.176,2.173,2.178,2.173,0.00,rf,11/30/14
2.173,2.215,2.225,2.166,-0.02,rf,11/28/14
2.215,2.211,2.217,2.211,-0.01,rf,11/27/14
2.245,2.259,2.262,2.229,-0.01,rf,11/26/14
2.259,2.305,2.317,2.257,-0.02,rf,11/25/14
2.305,2.31,2.338,2.299,0.00,rf,11/24/14
2.312,2.312,2.312,2.312,0.00,rf,11/23/14
2.312,2.34,2.354,2.308,-0.01,rf,11/21/14
2.338,2.358,2.358,2.303,-0.01,rf,11/20/14
2.358,2.317,2.363,2.31,0.02,rf,11/19/14
2.317,2.335,2.342,2.308,-0.01,rf,11/18/14
2.34,2.313,2.347,2.282,0.01,rf,11/17/14
2.312,2.319,2.324,2.312,0.00,rf,11/16/14
2.319,2.345,2.377,2.315,-0.01,rf,11/14/14
2.345,2.377,2.384,2.34,-0.01,rf,11/13/14
2.373,2.373,2.377,2.319,0.00,rf,11/12/14
2.371,2.373,2.373,2.369,0.00,rf,11/11/14
2.36,2.308,2.362,2.273,0.02,rf,11/10/14
2.306,2.308,2.31,2.306,0.00,rf,11/9/14
2.301,2.387,2.407,2.299,-0.03,rf,11/7/14
2.382,2.344,2.391,2.326,0.02,rf,11/6/14
2.346,2.333,2.369,2.328,0.00,rf,11/5/14
2.335,2.341,2.351,2.303,0.00,rf,11/4/14
2.346,2.309,2.384,2.301,0.00,rf,11/3/14
2.335,2.335,2.335,2.335,0.00,rf,11/2/14
2.335,2.307,2.359,2.296,0.01,rf,10/31/14
2.308,2.31,2.333,2.28,-0.01,rf,10/30/14
2.321,2.296,2.362,2.276,0.01,rf,10/29/14
2.3,2.262,2.3,2.248,0.02,rf,10/28/14
2.259,2.287,2.298,2.243,-0.01,rf,10/27/14
2.285,2.266,2.291,2.266,0.01,rf,10/26/14
2.266,2.275,2.278,2.229,0.00,rf,10/24/14
2.277,2.216,2.3,2.201,0.03,rf,10/23/14
2.22,2.216,2.25,2.178,0.00,rf,10/22/14
2.227,2.176,2.227,2.135,0.02,rf,10/21/14
2.193,2.218,2.225,2.16,-0.01,rf,10/20/14
2.22,2.199,2.225,2.199,0.01,rf,10/19/14
2.199,2.155,2.229,2.122,0.02,rf,10/17/14
2.151,2.111,2.18,1.978,0.01,rf,10/16/14
2.129,2.204,2.229,1.865,-0.03,rf,10/15/14
2.197,2.24,2.264,2.176,-0.02,rf,10/14/14
2.238,2.234,2.241,2.234,-0.02,rf,10/13/14
2.286,2.316,2.348,2.28,-0.02,rf,10/10/14
2.327,2.33,2.345,2.279,0.00,rf,10/9/14
2.318,2.352,2.386,2.311,-0.01,rf,10/8/14
2.341,2.421,2.43,2.337,-0.03,rf,10/7/14
2.42,2.439,2.452,2.404,-0.01,rf,10/6/14
2.441,2.436,2.443,2.436,0.00,rf,10/5/14
2.436,2.436,2.484,2.429,0.00,rf,10/3/14
2.436,2.387,2.439,2.384,0.02,rf,10/2/14
2.389,2.5,2.508,2.384,-0.04,rf,10/1/14
2.495,2.479,2.524,2.479,0.01,rf,9/30/14
2.479,2.524,2.54,2.479,-0.02,rf,9/29/14
2.526,2.524,2.526,2.522,0.00,rf,9/28/14
2.528,2.528,2.528,2.528,0.00,rf,9/27/14
2.528,2.506,2.549,2.49,0.01,rf,9/26/14
2.504,2.567,2.571,2.502,-0.02,rf,9/25/14
2.566,2.531,2.569,2.527,0.02,rf,9/24/14
2.527,2.556,2.556,2.527,-0.02,rf,9/23/14
2.566,2.569,2.578,2.547,0.00,rf,9/22/14
2.571,2.578,2.578,2.571,0.00,rf,9/21/14
2.578,2.629,2.655,2.575,-0.02,rf,9/19/14
2.618,2.629,2.642,2.594,0.00,rf,9/18/14
2.622,2.591,2.625,2.547,0.01,rf,9/17/14
2.594,2.591,2.596,2.553,0.00,rf,9/16/14
2.591,2.612,2.651,2.582,-0.01,rf,9/15/14
2.612,2.612,2.612,2.612,0.00,rf,9/14/14
2.609,2.609,2.609,2.609,0.00,rf,9/13/14
2.609,2.547,2.616,2.545,0.02,rf,9/12/14
2.55,2.532,2.554,2.507,0.00,rf,9/11/14
2.543,2.5,2.543,2.493,0.02,rf,9/10/14
2.502,2.48,2.509,2.478,0.01,rf,9/9/14
2.471,2.45,2.48,2.421,0.01,rf,9/8/14
2.45,2.459,2.459,2.45,0.00,rf,9/7/14
2.459,2.468,2.487,2.387,0.00,rf,9/5/14
2.453,2.403,2.457,2.382,0.02,rf,9/4/14
2.398,2.419,2.467,2.396,-0.01,rf,9/3/14
2.423,2.357,2.425,2.354,0.03,rf,9/2/14
2.359,2.345,2.359,2.345,0.01,rf,9/1/14
2.345,2.345,2.345,2.345,0.00,rf,8/31/14
2.345,2.343,2.354,2.325,0.00,rf,8/29/14
2.338,2.357,2.357,2.322,-0.01,rf,8/28/14
2.361,2.393,2.394,2.357,-0.02,rf,8/27/14
2.398,2.384,2.4,2.368,0.01,rf,8/26/14
2.384,2.41,2.432,2.377,-0.01,rf,8/25/14
2.41,2.409,2.41,2.409,0.00,rf,8/24/14
2.403,2.41,2.444,2.378,0.00,rf,8/22/14
2.409,2.434,2.448,2.398,-0.01,rf,8/21/14
2.428,2.401,2.446,2.398,0.01,rf,8/20/14
2.403,2.396,2.407,2.361,0.00,rf,8/19/14
2.394,2.356,2.398,2.352,0.02,rf,8/18/14
2.357,2.359,2.359,2.357,0.01,rf,8/17/14
2.341,2.407,2.412,2.303,-0.03,rf,8/15/14
2.403,2.43,2.442,2.391,-0.01,rf,8/14/14
2.42,2.458,2.471,2.408,-0.01,rf,8/13/14
2.449,2.431,2.451,2.415,0.01,rf,8/12/14
2.429,2.431,2.44,2.411,0.00,rf,8/11/14
2.431,2.422,2.433,2.422,0.00,rf,8/10/14
2.422,2.42,2.426,2.349,0.01,rf,8/8/14
2.409,2.471,2.482,2.408,-0.02,rf,8/7/14
2.469,2.487,2.489,2.433,-0.01,rf,8/6/14
2.489,2.487,2.525,2.473,0.00,rf,8/5/14
2.485,2.502,2.513,2.471,-0.01,rf,8/4/14
2.5,2.498,2.5,2.498,0.00,rf,8/3/14
2.494,2.494,2.494,2.494,0.00,rf,8/2/14
2.494,2.562,2.591,2.482,-0.03,rf,8/1/14
2.562,2.558,2.614,2.538,0.00,rf,7/31/14
2.56,2.46,2.569,2.458,0.04,rf,7/30/14
2.462,2.491,2.498,2.451,-0.01,rf,7/29/14
2.487,2.471,2.496,2.466,0.01,rf,7/28/14
2.469,2.467,2.471,2.467,0.00,rf,7/27/14
2.467,2.503,2.52,2.464,-0.01,rf,7/25/14
2.502,2.469,2.522,2.458,0.01,rf,7/24/14
2.469,2.467,2.478,2.449,0.00,rf,7/23/14
2.466,2.473,2.505,2.46,0.00,rf,7/22/14
2.469,2.482,2.491,2.448,-0.01,rf,7/21/14
2.482,2.482,2.482,2.482,0.00,rf,7/20/14
2.482,2.451,2.502,2.448,0.02,rf,7/18/14
2.442,2.525,2.527,2.441,-0.03,rf,7/17/14
2.53,2.547,2.569,2.527,-0.01,rf,7/16/14
2.552,2.547,2.57,2.52,0.00,rf,7/15/14
2.547,2.525,2.55,2.518,0.01,rf,7/14/14
2.523,2.523,2.523,2.523,0.00,rf,7/13/14
2.516,2.516,2.516,2.516,0.00,rf,7/12/14
2.516,2.536,2.547,2.505,-0.01,rf,7/11/14
2.538,2.558,2.558,2.494,-0.01,rf,7/10/14
2.556,2.559,2.603,2.543,0.00,rf,7/9/14
2.559,2.616,2.621,2.554,-0.02,rf,7/8/14
2.614,2.656,2.661,2.608,-0.02,rf,7/7/14
2.658,2.654,2.658,2.654,0.01,rf,7/6/14
2.641,2.625,2.692,2.615,0.00,rf,7/3/14
2.628,2.568,2.63,2.548,0.02,rf,7/2/14
2.567,2.53,2.57,2.521,0.01,rf,7/1/14
2.532,2.529,2.548,2.514,0.00,rf,6/30/14
2.53,2.53,2.53,2.53,0.00,rf,6/29/14
2.536,2.527,2.536,2.507,0.00,rf,6/27/14
2.532,2.561,2.568,2.516,-0.01,rf,6/26/14
2.561,2.577,2.588,2.529,-0.01,rf,6/25/14
2.577,2.619,2.621,2.575,-0.02,rf,6/24/14
2.626,2.612,2.63,2.59,0.01,rf,6/23/14
2.612,2.608,2.612,2.608,0.00,rf,6/22/14
2.608,2.622,2.659,2.606,-0.01,rf,6/20/14
2.621,2.59,2.646,2.565,0.01,rf,6/19/14
2.59,2.659,2.66,2.586,-0.02,rf,6/18/14
2.653,2.601,2.657,2.588,0.02,rf,6/17/14
2.597,2.602,2.613,2.577,0.00,rf,6/16/14
2.602,2.608,2.608,2.602,0.00,rf,6/15/14
2.608,2.606,2.644,2.586,0.00,rf,6/13/14
2.597,2.644,2.658,2.575,-0.02,rf,6/12/14
2.64,2.653,2.662,2.613,0.00,rf,6/11/14
2.64,2.602,2.651,2.59,0.01,rf,6/10/14
2.608,2.595,2.628,2.595,0.01,rf,6/9/14
2.593,2.595,2.595,2.593,0.00,rf,6/8/14
2.597,2.582,2.602,2.53,0.01,rf,6/6/14
2.584,2.597,2.647,2.57,-0.01,rf,6/5/14
2.606,2.595,2.615,2.568,0.00,rf,6/4/14
2.599,2.529,2.6,2.518,0.03,rf,6/3/14
2.527,2.484,2.541,2.475,0.02,rf,6/2/14
2.482,2.48,2.482,2.48,0.00,rf,6/1/14
2.475,2.466,2.491,2.452,0.00,rf,5/30/14
2.47,2.448,2.47,2.402,0.01,rf,5/29/14
2.445,2.514,2.516,2.434,-0.03,rf,5/28/14
2.518,2.539,2.553,2.512,-0.01,rf,5/27/14
2.541,2.543,2.545,2.541,0.00,rf,5/26/14
2.536,2.536,2.536,2.536,0.00,rf,5/25/14
2.536,2.552,2.557,2.518,-0.01,rf,5/23/14
2.554,2.543,2.568,2.534,0.01,rf,5/22/14
2.534,2.509,2.561,2.5,0.01,rf,5/21/14
2.514,2.543,2.553,2.502,-0.01,rf,5/20/14
2.545,2.521,2.546,2.495,0.01,rf,5/19/14
2.521,2.523,2.523,2.52,0.00,rf,5/18/14
2.523,2.495,2.527,2.489,0.01,rf,5/16/14
2.496,2.543,2.562,2.473,-0.02,rf,5/15/14
2.548,2.616,2.62,2.525,-0.02,rf,5/14/14
2.611,2.661,2.661,2.607,-0.02,rf,5/13/14
2.661,2.631,2.665,2.631,0.01,rf,5/12/14
2.632,2.623,2.632,2.623,0.00,rf,5/11/14
2.623,2.611,2.636,2.591,0.00,rf,5/9/14
2.611,2.623,2.634,2.58,0.01,rf,5/8/14
2.59,2.599,2.617,2.577,0.00,rf,5/7/14
2.593,2.606,2.626,2.586,-0.01,rf,5/6/14
2.606,2.575,2.613,2.572,0.01,rf,5/5/14
2.586,2.586,2.586,2.586,0.00,rf,5/4/14
2.586,2.615,2.7,2.573,-0.01,rf,5/2/14
2.613,2.659,2.662,2.593,-0.01,rf,5/1/14
2.646,2.691,2.717,2.644,-0.02,rf,4/30/14
2.697,2.708,2.731,2.688,0.00,rf,4/29/14
2.708,2.675,2.71,2.668,0.01,rf,4/28/14
2.673,2.673,2.673,2.673,0.00,rf,4/27/14
2.666,2.686,2.69,2.644,-0.01,rf,4/25/14
2.682,2.702,2.733,2.681,0.00,rf,4/24/14
2.693,2.717,2.722,2.677,-0.01,rf,4/23/14
2.711,2.717,2.748,2.699,0.00,rf,4/22/14
2.715,2.719,2.733,2.688,0.00,rf,4/21/14
2.719,2.721,2.721,2.711,0.00,rf,4/20/14
2.721,2.632,2.726,2.623,0.03,rf,4/17/14
2.635,2.626,2.661,2.625,0.00,rf,4/16/14
2.63,2.646,2.663,2.596,-0.01,rf,4/15/14
2.65,2.603,2.657,2.603,0.02,rf,4/14/14
2.603,2.607,2.607,2.603,-0.01,rf,4/13/14
2.628,2.641,2.657,2.607,-0.01,rf,4/11/14
2.647,2.695,2.703,2.614,-0.02,rf,4/10/14
2.693,2.684,2.723,2.674,0.00,rf,4/9/14
2.683,2.708,2.721,2.674,-0.01,rf,4/8/14
2.701,2.723,2.735,2.683,-0.01,rf,4/7/14
2.721,2.721,2.723,2.721,0.00,rf,4/6/14
2.726,2.799,2.801,2.721,-0.03,rf,4/4/14
2.801,2.806,2.806,2.777,0.00,rf,4/3/14
2.806,2.757,2.81,2.755,0.02,rf,4/2/14
2.755,2.726,2.766,2.724,0.01,rf,4/1/14
2.719,2.724,2.768,2.719,0.00,rf,3/31/14
2.724,2.721,2.724,2.721,0.00,rf,3/30/14
2.723,2.685,2.734,2.67,0.01,rf,3/28/14
2.683,2.695,2.714,2.659,0.00,rf,3/27/14
2.694,2.75,2.763,2.685,-0.02,rf,3/26/14
2.75,2.735,2.763,2.721,0.01,rf,3/25/14
2.73,2.757,2.783,2.721,-0.01,rf,3/24/14
2.757,2.744,2.757,2.744,0.00,rf,3/23/14
2.746,2.766,2.784,2.741,-0.01,rf,3/21/14
2.773,2.768,2.793,2.743,0.00,rf,3/20/14
2.773,2.674,2.793,2.661,0.04,rf,3/19/14
2.674,2.694,2.701,2.661,-0.01,rf,3/18/14
2.694,2.642,2.699,2.638,0.02,rf,3/17/14
2.64,2.642,2.644,2.638,-0.01,rf,3/16/14
2.656,2.647,2.667,2.61,0.00,rf,3/14/14
2.645,2.734,2.755,2.642,-0.03,rf,3/13/14
2.732,2.77,2.773,2.714,-0.01,rf,3/12/14
2.77,2.783,2.799,2.763,0.00,rf,3/11/14
2.779,2.79,2.804,2.764,0.00,rf,3/10/14
2.79,2.79,2.793,2.79,0.00,rf,3/9/14
2.79,2.744,2.821,2.721,0.02,rf,3/7/14
2.739,2.703,2.748,2.698,0.01,rf,3/6/14
2.708,2.692,2.719,2.68,0.00,rf,3/5/14
2.701,2.605,2.703,2.603,0.04,rf,3/4/14
2.603,2.61,2.635,2.592,0.00,rf,3/3/14
2.608,2.653,2.653,2.605,-0.02,rf,3/2/14
2.649,2.646,2.698,2.633,0.00,rf,2/28/14
2.639,2.673,2.678,2.635,-0.01,rf,2/27/14
2.666,2.707,2.719,2.662,-0.01,rf,2/26/14
2.703,2.744,2.748,2.698,-0.01,rf,2/25/14
2.741,2.736,2.763,2.721,0.00,rf,2/24/14
2.737,2.734,2.739,2.734,0.00,rf,2/23/14
2.732,2.755,2.781,2.73,-0.01,rf,2/21/14
2.752,2.734,2.773,2.698,0.00,rf,2/20/14
2.739,2.707,2.743,2.675,0.01,rf,2/19/14
2.709,2.75,2.763,2.696,-0.01,rf,2/18/14
2.748,2.752,2.752,2.748,0.00,rf,2/17/14
2.745,2.739,2.755,2.711,0.00,rf,2/14/14
2.734,2.786,2.786,2.727,-0.01,rf,2/13/14
2.763,2.72,2.777,2.715,0.01,rf,2/12/14
2.726,2.682,2.733,2.682,0.02,rf,2/11/14
2.669,2.684,2.695,2.664,-0.01,rf,2/10/14
2.684,2.686,2.686,2.684,0.00,rf,2/9/14
2.684,2.7,2.726,2.633,-0.01,rf,2/7/14
2.702,2.669,2.709,2.658,0.01,rf,2/6/14
2.669,2.629,2.675,2.599,0.01,rf,2/5/14
2.631,2.586,2.635,2.575,0.02,rf,2/4/14
2.577,2.666,2.68,2.57,-0.03,rf,2/3/14
2.666,2.662,2.666,2.662,0.01,rf,2/2/14
2.644,2.699,2.71,2.646,-0.02,rf,1/31/14
2.697,2.688,2.726,2.675,0.01,rf,1/30/14
2.679,2.775,2.79,2.662,-0.03,rf,1/29/14
2.752,2.753,2.785,2.739,0.00,rf,1/28/14
2.75,2.715,2.768,2.71,0.01,rf,1/27/14
2.715,2.71,2.715,2.71,0.00,rf,1/26/14
2.719,2.781,2.788,2.706,-0.02,rf,1/24/14
2.779,2.871,2.873,2.759,-0.03,rf,1/23/14
2.867,2.83,2.867,2.829,0.01,rf,1/22/14
2.832,2.827,2.867,2.819,0.00,rf,1/21/14
2.829,2.829,2.829,2.827,0.00,rf,1/20/14
2.821,2.845,2.86,2.818,-0.01,rf,1/17/14
2.841,2.893,2.893,2.838,-0.02,rf,1/16/14
2.893,2.875,2.912,2.86,0.01,rf,1/15/14
2.873,2.836,2.875,2.829,0.02,rf,1/14/14
2.829,2.864,2.865,2.819,-0.01,rf,1/13/14
2.858,2.858,2.858,2.858,0.00,rf,1/12/14
2.86,2.973,2.974,2.856,-0.04,rf,1/10/14
2.969,2.987,3.001,2.96,-0.01,rf,1/9/14
2.991,2.945,3.01,2.945,0.02,rf,1/8/14
2.941,2.961,2.967,2.937,-0.01,rf,1/7/14
2.958,3.013,3.013,2.947,-0.02,rf,1/6/14
3.012,3.015,3.015,3.012,0.00,rf,1/5/14
2.998,2.984,3.012,2.969,0.00,rf,1/3/14
2.991,3.038,3.041,2.978,-0.01,rf,1/2/14
3.026,3.026,3.026,3.026,0.00,rf,1/1/14
3.026,2.98,3.036,2.98,0.02,rf,12/31/13
2.972,3.006,3.015,2.967,-0.01,rf,12/30/13
3.006,3.002,3.007,3.002,0.00,rf,12/29/13
3.002,2.989,3.02,2.972,0.00,rf,12/27/13
2.992,2.998,3,2.951,0.00,rf,12/26/13
3,2.981,3,2.981,0.01,rf,12/25/13
2.981,2.929,2.987,2.922,0.02,rf,12/24/13
2.931,2.891,2.935,2.876,0.02,rf,12/23/13
2.885,2.894,2.894,2.885,0.00,rf,12/22/13
2.89,2.94,2.966,2.879,-0.01,rf,12/20/13
2.929,2.887,2.951,2.878,0.01,rf,12/19/13
2.896,2.841,2.929,2.824,0.02,rf,12/18/13
2.837,2.874,2.887,2.835,-0.01,rf,12/17/13
2.879,2.866,2.887,2.839,0.00,rf,12/16/13
2.868,2.87,2.87,2.866,0.00,rf,12/15/13
2.866,2.877,2.89,2.854,0.00,rf,12/13/13
2.879,2.859,2.888,2.841,0.01,rf,12/12/13
2.855,2.821,2.859,2.803,0.02,rf,12/11/13
2.803,2.844,2.85,2.792,-0.01,rf,12/10/13
2.841,2.864,2.866,2.833,-0.01,rf,12/9/13
2.866,2.859,2.87,2.859,0.00,rf,12/8/13
2.857,2.879,2.932,2.841,-0.01,rf,12/6/13
2.873,2.835,2.877,2.822,0.01,rf,12/5/13
2.837,2.788,2.852,2.777,0.02,rf,12/4/13
2.784,2.801,2.806,2.757,0.00,rf,12/3/13
2.797,2.753,2.81,2.752,0.02,rf,12/2/13
2.752,2.752,2.753,2.75,0.00,rf,12/1/13
2.746,2.746,2.768,2.736,0.00,rf,11/29/13
2.748,2.737,2.75,2.737,0.00,rf,11/28/13
2.739,2.714,2.77,2.708,0.01,rf,11/27/13
2.71,2.719,2.734,2.694,-0.01,rf,11/26/13
2.73,2.755,2.77,2.728,-0.01,rf,11/25/13
2.753,2.744,2.755,2.744,0.00,rf,11/24/13
2.744,2.784,2.793,2.744,-0.02,rf,11/22/13
2.788,2.811,2.839,2.775,-0.01,rf,11/21/13
2.804,2.707,2.806,2.685,0.03,rf,11/20/13
2.712,2.669,2.716,2.66,0.02,rf,11/19/13
2.666,2.714,2.721,2.662,-0.02,rf,11/18/13
2.714,2.703,2.716,2.703,0.00,rf,11/17/13
2.703,2.696,2.732,2.691,0.00,rf,11/15/13
2.693,2.718,2.739,2.684,-0.01,rf,11/14/13
2.716,2.77,2.772,2.688,-0.02,rf,11/13/13
2.774,2.766,2.792,2.753,0.00,rf,11/12/13
2.768,2.751,2.768,2.751,0.01,rf,11/11/13
2.751,2.602,2.763,2.593,0.06,rf,11/8/13
2.602,2.644,2.651,2.596,-0.02,rf,11/7/13
2.644,2.668,2.673,2.631,-0.01,rf,11/6/13
2.67,2.602,2.677,2.594,0.03,rf,11/5/13
2.603,2.615,2.624,2.589,-0.01,rf,11/4/13
2.62,2.62,2.62,2.62,0.00,rf,11/3/13
2.62,2.56,2.629,2.554,0.03,rf,11/1/13
2.552,2.542,2.571,2.502,0.01,rf,10/31/13
2.538,2.509,2.549,2.473,0.01,rf,10/30/13
2.503,2.52,2.536,2.5,-0.01,rf,10/29/13
2.523,2.514,2.527,2.5,0.00,rf,10/28/13
2.512,2.511,2.514,2.511,0.00,rf,10/27/13
2.511,2.52,2.522,2.494,0.00,rf,10/25/13
2.52,2.5,2.522,2.474,0.01,rf,10/24/13
2.498,2.507,2.509,2.471,-0.01,rf,10/23/13
2.511,2.607,2.611,2.509,-0.03,rf,10/22/13
2.601,2.59,2.62,2.579,0.00,rf,10/21/13
2.589,2.585,2.59,2.585,0.00,rf,10/20/13
2.583,2.601,2.605,2.54,0.00,rf,10/18/13
2.592,2.671,2.672,2.581,-0.03,rf,10/17/13
2.667,2.74,2.759,2.663,-0.02,rf,10/16/13
2.728,2.739,2.74,2.691,0.00,rf,10/15/13
2.74,2.74,2.742,2.737,0.02,rf,10/14/13
2.691,2.687,2.693,2.645,0.00,rf,10/11/13
2.683,2.667,2.722,2.667,0.01,rf,10/10/13
2.661,2.623,2.674,2.616,0.01,rf,10/9/13
2.638,2.626,2.659,2.614,0.00,rf,10/8/13
2.63,2.634,2.637,2.606,0.00,rf,10/7/13
2.636,2.634,2.636,2.634,0.00,rf,10/6/13
2.645,2.61,2.659,2.61,0.02,rf,10/4/13
2.605,2.617,2.652,2.581,-0.01,rf,10/3/13
2.619,2.659,2.661,2.592,-0.01,rf,10/2/13
2.65,2.614,2.666,2.612,0.01,rf,10/1/13
2.615,2.595,2.645,2.59,0.01,rf,9/30/13
2.595,2.628,2.628,2.592,-0.01,rf,9/29/13
2.628,2.648,2.67,2.605,-0.01,rf,9/27/13
2.648,2.635,2.659,2.622,0.01,rf,9/26/13
2.626,2.657,2.666,2.61,-0.01,rf,9/25/13
2.655,2.703,2.708,2.642,-0.02,rf,9/24/13
2.701,2.736,2.758,2.697,-0.01,rf,9/23/13
2.736,2.736,2.736,2.736,0.00,rf,9/22/13
2.736,2.752,2.774,2.717,-0.01,rf,9/20/13
2.752,2.704,2.757,2.675,0.02,rf,9/19/13
2.692,2.844,2.9,2.673,-0.06,rf,9/18/13
2.849,2.868,2.874,2.829,0.00,rf,9/17/13
2.862,2.89,2.89,2.777,-0.01,rf,9/16/13
2.89,2.89,2.89,2.89,0.00,rf,9/15/13
2.89,2.914,2.957,2.879,-0.01,rf,9/13/13
2.905,2.92,2.92,2.862,0.00,rf,9/12/13
2.912,2.97,2.979,2.908,-0.02,rf,9/11/13
2.966,2.918,2.972,2.916,0.02,rf,9/10/13
2.914,2.942,2.951,2.875,-0.01,rf,9/9/13
2.942,2.934,2.944,2.934,0.00,rf,9/8/13
2.934,2.934,2.934,2.934,0.00,rf,9/7/13
2.934,2.99,3.007,2.864,-0.02,rf,9/6/13
2.996,2.895,3.001,2.885,0.03,rf,9/5/13
2.897,2.865,2.908,2.847,0.01,rf,9/4/13
2.863,2.837,2.913,2.813,0.01,rf,9/3/13
2.835,2.837,2.837,2.826,0.02,rf,9/2/13
2.789,2.789,2.789,2.789,0.00,rf,9/1/13
2.789,2.771,2.793,2.744,0.01,rf,8/30/13
2.762,2.778,2.831,2.743,0.00,rf,8/29/13
2.765,2.718,2.795,2.705,0.02,rf,8/28/13
2.709,2.798,2.813,2.707,-0.03,rf,8/27/13
2.787,2.824,2.84,2.783,-0.01,rf,8/26/13
2.824,2.824,2.826,2.822,0.00,rf,8/25/13
2.818,2.894,2.922,2.804,-0.03,rf,8/23/13
2.892,2.899,2.936,2.873,0.00,rf,8/22/13
2.892,2.823,2.895,2.811,0.03,rf,8/21/13
2.818,2.873,2.884,2.804,-0.02,rf,8/20/13
2.882,2.843,2.9,2.836,0.01,rf,8/19/13
2.845,2.843,2.847,2.84,0.01,rf,8/18/13
2.825,2.764,2.866,2.761,0.02,rf,8/16/13
2.764,2.703,2.823,2.701,0.02,rf,8/15/13
2.712,2.723,2.73,2.694,0.00,rf,8/14/13
2.721,2.629,2.73,2.627,0.04,rf,8/13/13
2.622,2.58,2.625,2.552,0.02,rf,8/12/13
2.575,2.58,2.58,2.573,0.00,rf,8/11/13
2.58,2.58,2.58,2.58,0.00,rf,8/10/13
2.58,2.6,2.611,2.575,0.00,rf,8/9/13
2.587,2.609,2.614,2.573,0.00,rf,8/8/13
2.599,2.636,2.644,2.587,-0.02,rf,8/7/13
2.642,2.638,2.665,2.625,0.00,rf,8/6/13
2.64,2.604,2.661,2.598,0.02,rf,8/5/13
2.598,2.598,2.598,2.598,0.00,rf,8/3/13
2.598,2.716,2.749,2.596,-0.04,rf,8/2/13
2.708,2.584,2.723,2.584,0.05,rf,8/1/13
2.588,2.604,2.702,2.571,-0.01,rf,7/31/13
2.606,2.602,2.612,2.572,0.00,rf,7/30/13
2.599,2.56,2.606,2.547,0.01,rf,7/29/13
2.564,2.564,2.564,2.564,0.00,rf,7/27/13
2.564,2.582,2.589,2.545,-0.01,rf,7/26/13
2.577,2.59,2.634,2.569,0.00,rf,7/25/13
2.584,2.509,2.626,2.509,0.03,rf,7/24/13
2.507,2.486,2.533,2.477,0.01,rf,7/23/13
2.484,2.482,2.493,2.465,0.00,rf,7/22/13
2.482,2.482,2.482,2.482,0.00,rf,7/20/13
2.482,2.532,2.544,2.478,-0.02,rf,7/19/13
2.534,2.487,2.549,2.467,0.02,rf,7/18/13
2.491,2.534,2.56,2.461,-0.02,rf,7/17/13
2.532,2.541,2.562,2.513,0.00,rf,7/16/13
2.543,2.592,2.637,2.535,-0.02,rf,7/15/13
2.592,2.592,2.592,2.592,0.00,rf,7/13/13
2.592,2.57,2.605,2.518,0.01,rf,7/12/13
2.572,2.566,2.615,2.553,-0.04,rf,7/11/13
2.674,2.641,2.691,2.621,0.01,rf,7/10/13
2.64,2.641,2.664,2.617,0.00,rf,7/9/13
2.638,2.736,2.755,2.636,-0.04,rf,7/8/13
2.736,2.736,2.736,2.736,0.00,rf,7/6/13
2.736,2.522,2.742,2.516,0.09,rf,7/5/13
2.503,2.503,2.503,2.503,0.00,rf,7/4/13
2.503,2.477,2.505,2.415,0.01,rf,7/3/13
2.471,2.478,2.495,2.451,0.00,rf,7/2/13
2.477,2.495,2.551,2.471,0.00,rf,7/1/13
2.487,2.487,2.487,2.487,0.00,rf,6/29/13
2.487,2.478,2.553,2.446,0.01,rf,6/28/13
2.474,2.537,2.552,2.463,-0.03,rf,6/27/13
2.541,2.623,2.623,2.507,-0.03,rf,6/26/13
2.612,2.527,2.616,2.483,0.03,rf,6/25/13
2.544,2.535,2.667,2.516,0.00,rf,6/24/13
2.542,2.542,2.542,2.542,0.00,rf,6/23/13
2.542,2.542,2.542,2.542,0.00,rf,6/22/13
2.542,2.402,2.548,2.38,0.05,rf,6/21/13
2.421,2.371,2.471,2.345,0.03,rf,6/20/13
2.354,2.187,2.362,2.166,0.08,rf,6/19/13
2.185,2.178,2.218,2.169,0.00,rf,6/18/13
2.178,2.144,2.193,2.11,0.02,rf,6/17/13
2.129,2.129,2.129,2.129,0.00,rf,6/16/13
2.129,2.129,2.129,2.129,0.00,rf,6/15/13
2.13,2.156,2.161,2.097,-0.01,rf,6/14/13
2.149,2.233,2.233,2.126,-0.04,rf,6/13/13
2.228,2.186,2.239,2.167,0.02,rf,6/12/13
2.19,2.215,2.293,2.172,-0.01,rf,6/11/13
2.213,2.177,2.231,2.154,0.02,rf,6/10/13
2.179,2.179,2.179,2.179,0.00,rf,6/8/13
2.179,2.073,2.183,2.043,0.05,rf,6/7/13
2.079,2.093,2.127,1.999,-0.01,rf,6/6/13
2.091,2.153,2.155,2.084,-0.03,rf,6/5/13
2.15,2.123,2.164,2.109,0.01,rf,6/4/13
2.128,2.157,2.187,2.069,0.00,rf,6/3/13
2.132,2.132,2.132,2.132,0.00,rf,6/1/13
2.132,2.114,2.211,2.066,0.01,rf,5/31/13
2.119,2.121,2.16,2.094,0.00,rf,5/30/13
2.119,2.165,2.235,2.112,-0.02,rf,5/29/13
2.167,2.028,2.18,2.025,0.08,rf,5/28/13
2.011,2.011,2.011,2.011,0.00,rf,5/25/13
2.011,2.026,2.039,1.981,0.00,rf,5/24/13
2.016,2.047,2.069,1.965,-0.01,rf,5/23/13
2.037,1.923,2.044,1.888,0.06,rf,5/22/13
1.93,1.958,1.998,1.923,-0.02,rf,5/21/13
1.965,1.956,1.975,1.919,0.01,rf,5/20/13
1.954,1.954,1.954,1.954,0.00,rf,5/18/13
1.954,1.881,1.956,1.86,0.04,rf,5/17/13
1.879,1.936,1.957,1.858,-0.03,rf,5/16/13
1.94,1.971,1.985,1.921,-0.02,rf,5/15/13
1.982,1.914,1.984,1.895,0.03,rf,5/14/13
1.917,1.94,1.943,1.891,0.01,rf,5/13/13
1.9,1.9,1.9,1.9,0.00,rf,5/11/13
1.9,1.815,1.928,1.814,0.05,rf,5/10/13
1.813,1.81,1.82,1.776,0.03,rf,5/9/13
1.767,1.778,1.798,1.75,-0.01,rf,5/8/13
1.78,1.761,1.79,1.747,0.01,rf,5/7/13
1.764,1.74,1.776,1.73,0.01,rf,5/6/13
1.74,1.624,1.752,1.624,0.07,rf,5/3/13
1.624,1.631,1.665,1.624,0.00,rf,5/2/13
1.632,1.668,1.679,1.614,-0.02,rf,5/1/13
1.673,1.672,1.679,1.638,0.00,rf,4/30/13
1.667,1.665,1.68,1.651,0.00,rf,4/29/13
1.665,1.713,1.713,1.662,-0.03,rf,4/26/13
1.71,1.705,1.727,1.7,0.00,rf,4/25/13
1.703,1.708,1.727,1.693,0.00,rf,4/24/13
1.706,1.696,1.71,1.643,0.01,rf,4/23/13
1.695,1.71,1.734,1.681,-0.01,rf,4/22/13
1.705,1.691,1.715,1.69,0.01,rf,4/19/13
1.686,1.695,1.719,1.679,-0.01,rf,4/18/13
1.698,1.722,1.733,1.673,-0.01,rf,4/17/13
1.722,1.69,1.736,1.681,0.02,rf,4/16/13
1.688,1.719,1.741,1.676,-0.02,rf,4/15/13
1.721,1.795,1.795,1.717,-0.04,rf,4/12/13
1.791,1.805,1.814,1.781,-0.01,rf,4/11/13
1.805,1.755,1.81,1.743,0.03,rf,4/10/13
1.752,1.743,1.764,1.723,0.00,rf,4/9/13
1.745,1.701,1.75,1.697,0.02,rf,4/8/13
1.714,1.769,1.783,1.677,-0.03,rf,4/5/13
1.766,1.806,1.823,1.757,-0.03,rf,4/4/13
1.816,1.861,1.875,1.797,-0.02,rf,4/3/13
1.862,1.837,1.868,1.823,0.01,rf,4/2/13
1.835,1.875,1.888,1.831,-0.01,rf,4/1/13
1.852,1.845,1.871,1.83,0.00,rf,3/28/13
1.845,1.915,1.92,1.833,-0.03,rf,3/27/13
1.911,1.92,1.944,1.901,0.00,rf,3/26/13
1.92,1.948,1.974,1.895,0.00,rf,3/25/13
1.927,1.911,1.944,1.897,0.01,rf,3/22/13
1.915,1.956,1.967,1.91,-0.02,rf,3/21/13
1.958,1.904,1.962,1.899,0.03,rf,3/20/13
1.904,1.951,1.97,1.892,-0.03,rf,3/19/13
1.955,1.908,1.965,1.898,-0.02,rf,3/18/13
1.991,2.035,2.045,1.991,-0.02,rf,3/15/13